sample_code,tray,plant,photo_ID,desc,strain,cluster,half,note,date,plant_ID
185,T10,P10,163909,SW,1021/1022,C2,H,,19-Jun,T10-P10
185,T10,P10,163914,SP,1022,C1,H,,19-Jun,T10-P10
185,T10,P10,163854,SW,1022,C1,H,Re-culture,19-Jun,T10-P10
185,T10,P10,163849,MP,NG,C1,H,,19-Jun,T10-P10
185,T10,P10,163901,SW,NG,C1,H,,19-Jun,T10-P10
116,T10,P12,131452,LP,NG,C1,L,,31-May,T10-P12
116,T10,P12,131447,MW,NG,C1,L,,31-May,T10-P12
116,T10,P12,131459,MW,NG,C1,L,,31-May,T10-P12
116,T10,P12,131507,MW,NG,C1,L,,31-May,T10-P12
116,T10,P12,131437,SW,NG,C1,L,,31-May,T10-P12
156,T10,P14,124510,SW,NG,C1,H,,06-Jun,T10-P14
156,T10,P14,124504,VSW,NG,C1,H,,06-Jun,T10-P14
411,T10,P14,IMG_7425,MP,1021/1022,C2,L,,10-Aug,T10-P14
411,T10,P14,IMG_7426,MP,1021/1022,C1,L,,10-Aug,T10-P14
335,T10,P17,IMG_7177,MW,1022,C1,H,,,T10-P17
335,T10,P17,IMG_7178,SW,NG,C1,H,,,T10-P17
428,T10,P17,IMG_7498,MW,1021,C2,L,,,T10-P17
175,T10,P19,122707,LP,1022,C1,L,,16-Jun,T10-P19
175,T10,P19,122704,LW,NG,C1,L,,16-Jun,T10-P19
370,T10,P19,IMG_7408,SP,1022,C2,H,and MP,,T10-P19
370,T10,P19,IMG_7409,MW,1022,C1,H,,,T10-P19
370,T10,P19,IMG_7412,MW,1022,C1,H,,,T10-P19
370,T10,P19,IMG_7410,SW,NG,C1,H,,,T10-P19
370,T10,P19,IMG_7411,SW,NG,C1,H,,,T10-P19
476,T10,P19,IMG_7667,LW,1022,C1,L,,,T10-P19
476,T10,P19,IMG_7663,MW,1022,C1,L,,,T10-P19
476,T10,P19,IMG_7666,SP,1022,C1,L,,,T10-P19
476,T10,P19,IMG_7664,SP,NG,C1,L,,,T10-P19
476,T10,P19,IMG_7665,SW,NG,C1,L,,,T10-P19
76,T10,P2,122758,MP,1021/1022,C3,H,,25-May,T10-P2
76,T10,P2,122804,SW,NG,C1,H,,25-May,T10-P2
412,T10,P2,IMG_7430,MP,1021/1022,C2,L,,10-Aug,T10-P2
412,T10,P2,IMG_7431,LP,1022,C1,L,,10-Aug,T10-P2
412,T10,P2,IMG_7428,LW,1022,C1,L,,10-Aug,T10-P2
412,T10,P2,IMG_7429,MP,NG,C1,L,,10-Aug,T10-P2
412,T10,P2,IMG_7427,SW,NG,C1,L,,10-Aug,T10-P2
159,T10,P21,IMG_6895,SP,1021,C1,H,,13-Jun,T10-P21
159,T10,P21,IMG_6891,MP,1022,C1,H,,13-Jun,T10-P21
159,T10,P21,IMG_6892,MP,NG,C1,H,,13-Jun,T10-P21
159,T10,P21,IMG_6893,SP,NG,C1,H,,13-Jun,T10-P21
159,T10,P21,IMG_6894,SP,NG,C1,H,,13-Jun,T10-P21
506,T10,P21,IMG_7726,MW,1022,C1,H,,,T10-P21
506,T10,P21,IMG_7727,MW,1022,C1,H,,,T10-P21
506,T10,P21,IMG_7728,MW,1022,C1,H,,,T10-P21
506,T10,P21,IMG_7725,SW,NG,C1,H,,,T10-P21
506,T10,P21,IMG_7729,SW,NG,C1,H,,,T10-P21
490,T10,P21,153010,SP,1021,C1,L,,,T10-P21
490,T10,P21,153015,LW,1022,C1,L,,,T10-P21
490,T10,P21,153023,MW,1022,C1,L,,,T10-P21
490,T10,P21,153027,MW,1022,C1,L,,,T10-P21
490,T10,P21,153002,SW,NG,C1,L,,,T10-P21
241,T10,P22,133019,MP,1022,C1,H,,29-Jun,T10-P22
241,T10,P22,132037,MP,1022,C1,H,,29-Jun,T10-P22
241,T10,P22,133002,SP,1022,C1,H,,29-Jun,T10-P22
241,T10,P22,133008,SP,NG,C1,H,,29-Jun,T10-P22
241,T10,P22,133023,SW,NG,C1,H,,29-Jun,T10-P22
436,T10,P22,IMG_7534,LP,1022,C1,L,,,T10-P22
436,T10,P22,IMG_7536,MP,1022,C1,L,,,T10-P22
436,T10,P22,IMG_7535,LP,NG,C1,L,,,T10-P22
436,T10,P22,IMG_7532,MP,NG,C1,L,,,T10-P22
436,T10,P22,IMG_7533,MP,NG,C1,L,,,T10-P22
246,T10,P24,130320,LP,1021,C1,H,,30-Jun,T10-P24
246,T10,P24,130056,SW,1021,C1,H,,30-Jun,T10-P24
246,T10,P24,130102,MW,1022,C1,H,,30-Jun,T10-P24
246,T10,P24,130221,MW,1022,C1,H,,30-Jun,T10-P24
108,T10,P26,134649,MW,1021,C1,H,,29-May,T10-P26
108,T10,P26,134654,SW,NG,C1,H,,29-May,T10-P26
475,T10,P28,IMG_7659,MP,1022,C1,L,,,T10-P28
475,T10,P28,IMG_7658,MW,1022,C1,L,,,T10-P28
475,T10,P28,IMG_7660,MW,1022,C1,L,,,T10-P28
475,T10,P28,IMG_7661,MW,1022,C1,L,,,T10-P28
475,T10,P28,IMG_7662,MW,1022,C1,L,,,T10-P28
90,T10,P29,123905,MP,1021,C1,L,"originally T15-P27, changed to T10-P29",25-May,T10-P29
89,T10,P29,123857,LP,1022,C1,L,"originally T15-P27, changed to T10-P29",25-May,T10-P29
90,T10,P29,123919,LP,1022,C1,L,"originally T15-P27, changed to T10-P29",25-May,T10-P29
90,T10,P29,123911,MP,NG,C1,L,"originally T15-P27, changed to T10-P29",25-May,T10-P29
375,T10,P5,IMG_7278,SW,1021/1022,C2,H,,,T10-P5
375,T10,P5,IMG_7277,MW,1021,C1,H,Re-culture,,T10-P5
375,T10,P5,IMG_7275,SW,NG,C1,H,,,T10-P5
375,T10,P5,IMG_7276,SW,NG,C1,H,,,T10-P5
254,T10,P6,162253,MW,1022,C1,L,,03-Jul,T10-P6
254,T10,P6,162308,SW,1022,C1,L,Re-culture,03-Jul,T10-P6
254,T10,P6,162257,LP,NG,C1,L,,03-Jul,T10-P6
293,T10,P6,IMG_7016,MP,1022,C3,H,and LP,10-Jul,T10-P6
293,T10,P6,IMG_7017,LW,NG,C1,H,,10-Jul,T10-P6
70,T10,P8,125223,SP,1021/1022,C2,L,and MP,24-May,T10-P8
70,T10,P8,125215,MW,1021,C1,L,,24-May,T10-P8
73,T10,P8,122640,SP,1022,C1,H,,25-May,T10-P8
344,T10,P8,IMG_7210,LW,1022,C2,L,,,T10-P8
344,T10,P8,IMG_7209,MP,1022,C1,L,,,T10-P8
141,T11,P1,141233,VSW,NG,C2,L,,03-Jun,T11-P1
141,T11,P1,141217,SW,1022,C1,L,,03-Jun,T11-P1
141,T11,P1,141242,SW,NG,C1,L,,03-Jun,T11-P1
141,T11,P1,141210,VSW,NG,C1,L,,03-Jun,T11-P1
258,T11,P1,140313,MW,1022,C3,H,,05-Jul,T11-P1
258,T11,P1,140354,MW,NG,C1,H,,05-Jul,T11-P1
61,T11,P11,95147,LP,1021,C1,H,,23-May,T11-P11
61,T11,P11,95204,MW,1022,C1,H,,23-May,T11-P11
61,T11,P11,95141,LP,NG,C1,H,Nodule crushed,23-May,T11-P11
61,T11,P11,95158,LP,NG,C1,H,,23-May,T11-P11
61,T11,P11,95214,MW,NG,C1,H,,23-May,T11-P11
278,T11,P13,IMG_6970,LW,NG,C1,H,,07-Jul,T11-P13
221,T11,P15,182010,SW,1022,C2,L,,24-Jun,T11-P15
221,T11,P15,182013,LW,1021,C1,L,,24-Jun,T11-P15
221,T11,P15,181958,MP,1021,C1,L,,24-Jun,T11-P15
221,T11,P15,182020,MP,NG,C1,L,,24-Jun,T11-P15
377,T11,P15,IMG_7286,LW,1022,C1,H,,,T11-P15
377,T11,P15,IMG_7285,MW,1022,C1,H,,,T11-P15
377,T11,P15,IMG_7284,SW,1022,C1,H,,,T11-P15
377,T11,P15,IMG_7287,SW,1022,C1,H,Re-culture,,T11-P15
181,T11,P17,163505,SP,1022,C2,H,,19-Jun,T11-P17
181,T11,P17,163500,SP,1022,C1,H,,19-Jun,T11-P17
181,T11,P17,163510,MP,NG,C1,H,,19-Jun,T11-P17
181,T11,P17,163456,SP,NG,C1,H,,19-Jun,T11-P17
396,T11,P17,IMG_7360,SP,NG,C1,L,,10-Aug,T11-P17
291,T11,P18,IMG_7013,LW,1022,C2,L,,10-Jul,T11-P18
291,T11,P18,IMG_7012,MP,NG,C1,L,,10-Jul,T11-P18
509,T11,P18,IMG_7737,SW,1022,C1,H,,,T11-P18
509,T11,P18,IMG_7738,SW,NG,C1,H,,,T11-P18
100,T11,P19,134125,LP,1022,C3,L,other nod is SP,29-May,T11-P19
100,T11,P19,134142,LP,1022,C1,L,,29-May,T11-P19
100,T11,P19,134149,MP,1022,C1,L,,29-May,T11-P19
100,T11,P19,134136,VLP,1022,C1,L,,29-May,T11-P19
154,T11,P20,124411,LP,NG,C2,L,,06-Jun,T11-P20
154,T11,P20,124414,LP,NG,C1,L,,06-Jun,T11-P20
154,T11,P20,124419,MW,NG,C1,L,,06-Jun,T11-P20
154,T11,P20,124430,MW,NG,C1,L,,06-Jun,T11-P20
154,T11,P20,124435,MW,NG,C1,L,,06-Jun,T11-P20
174,T11,P20,122536,MW,1021,C1,H,,16-Jun,T11-P20
174,T11,P20,122546,SW,1022,C1,H,,16-Jun,T11-P20
174,T11,P20,122554,SW,1022,C1,H,,16-Jun,T11-P20
174,T11,P20,122656,SW,1022,C1,H,,16-Jun,T11-P20
174,T11,P20,122551,SW,NG,C1,H,,16-Jun,T11-P20
138,T11,P22,140837,SW,1021,C1,L,"originally marked as T11-P21, but changed to P22",03-Jun,T11-P22
138,T11,P22,140813,SP,1022,C1,L,"originally marked as T11-P21, but changed to P22",03-Jun,T11-P22
138,T11,P22,140819,SP,1022,C1,L,"originally marked as T11-P21, but changed to P22",03-Jun,T11-P22
138,T11,P22,140809,SW,1022,C1,L,"originally marked as T11-P21, but changed to P22",03-Jun,T11-P22
138,T11,P22,140842,SW,NG,C1,L,"originally marked as T11-P21, but changed to P22",03-Jun,T11-P22
386,T11,P24,IMG_7323,MW,1021,C1,L,,,T11-P24
386,T11,P24,IMG_7325,MW,1021,C1,L,,,T11-P24
386,T11,P24,IMG_7324,LP,1022,C1,L,,,T11-P24
386,T11,P24,IMG_7322,MP,1022,C1,L,,,T11-P24
386,T11,P24,IMG_7321,MW,1022,C1,L,,,T11-P24
69,T11,P26,125149,SW,1021,C1,H,,24-May,T11-P26
69,T11,P26,125138,MW,1022,C1,H,,24-May,T11-P26
101,T11,P26,134156,MW,1022,C1,L,,29-May,T11-P26
187,T11,P28,164007,LP,1022,C1,L,,19-Jun,T11-P28
187,T11,P28,164026,LP,1022,C1,L,Re-culture,19-Jun,T11-P28
187,T11,P28,164015,LW,1022,C1,L,,19-Jun,T11-P28
187,T11,P28,164020,SW,1022,C1,L,,19-Jun,T11-P28
187,T11,P28,164011,SW,NG,C1,L,,19-Jun,T11-P28
294,T11,P28,IMG_7018,VSW,NG,C1,H,,10-Jul,T11-P28
112,T11,P3,131256,SW,1022,C2,H,,31-May,T11-P3
112,T11,P3,131243,SW,NG,C1,H,,31-May,T11-P3
177,T11,P3,122725,SP,1021,C1,L,,16-Jun,T11-P3
177,T11,P3,122729,SP,1022,C1,L,,16-Jun,T11-P3
177,T11,P3,122721,SW,NG,C1,L,,16-Jun,T11-P3
206,T11,P5,181620,SW,1022,C2,H,and MP,21-Jun,T11-P5
206,T11,P5,181625,SP,1021,C1,H,,21-Jun,T11-P5
206,T11,P5,181629,SW,1022,C1,H,,21-Jun,T11-P5
206,T11,P5,181634,MP,NG,C1,H,,21-Jun,T11-P5
492,T11,P5,IMG_7684,MW,1021,C1,L,,,T11-P5
492,T11,P5,IMG_7683,MP,1022,C1,L,,,T11-P5
492,T11,P5,IMG_7685,MW,1022,C1,L,,,T11-P5
492,T11,P5,IMG_7686,MW,1022,C1,L,,,T11-P5
492,T11,P5,IMG_7682,SW,1022,C1,L,,,T11-P5
91,T11,P7,123940,LP,1021,C1,L,,25-May,T11-P7
91,T11,P7,123930,MP,1021,C1,L,,25-May,T11-P7
91,T11,P7,123925,MW,1021,C1,L,,25-May,T11-P7
91,T11,P7,123954,MW,1022,C1,L,,25-May,T11-P7
91,T11,P7,123935,LP,NG,C1,L,,25-May,T11-P7
234,T11,P7,131552,SW,1022,C1,H,,29-Jun,T11-P7
234,T11,P7,132412,MW,NG,C1,H,,29-Jun,T11-P7
234,T11,P7,132340,SW,NG,C1,H,,29-Jun,T11-P7
234,T11,P7,132355,VSW,NG,C1,H,,29-Jun,T11-P7
447,T11,P9,IMG_7568,MP,1022,C2,H,,,T11-P9
447,T11,P9,IMG_7570,MP,1022,C1,H,,,T11-P9
447,T11,P9,IMG_7569,MW,1022,C1,H,,,T11-P9
489,T11,P9,152938,MP,1022,C1,L,,,T11-P9
489,T11,P9,152388,MW,1022,C1,L,,,T11-P9
489,T11,P9,152943,MW,1022,C1,L,,,T11-P9
489,T11,P9,152950,MW,1022,C1,L,,,T11-P9
489,T11,P9,152928,SW,1022,C1,L,,,T11-P9
249,T12,P10,161615,SW,1022,C1,L,,03-Jul,T12-P10
249,T12,P10,161624,SW,1022,C1,L,,03-Jul,T12-P10
249,T12,P10,161632,SW,1022,C1,L,,03-Jul,T12-P10
249,T12,P10,161645,MW,NG,C1,L,,03-Jul,T12-P10
393,T12,P10,IMG_7352,SW,1021,C1,H,Re-culture,10-Aug,T12-P10
393,T12,P10,IMG_7353,MW,1022,C1,H,,10-Aug,T12-P10
393,T12,P10,IMG_7351,SP,1022,C1,H,,10-Aug,T12-P10
104,T12,P12,134353,MP,1022,C2,H,,29-May,T12-P12
104,T12,P12,134348,MW,1022,C2,H,,29-May,T12-P12
104,T12,P12,134424,SW,1022,C2,H,and MW,29-May,T12-P12
104,T12,P12,134420,MW,1022,C1,H,,29-May,T12-P12
148,T12,P14,124203,MP,NG,C2,H,,06-Jun,T12-P14
148,T12,P14,124156,SW,1022,C1,H,,06-Jun,T12-P14
148,T12,P14,124142,MP,NG,C1,H,,06-Jun,T12-P14
148,T12,P14,124151,SW,NG,C1,H,,06-Jun,T12-P14
269,T12,P14,IMG_6938,MW,1022,C1,H,,07-Jul,T12-P14
269,T12,P14,IMG_6939,MW,1022,C1,H,,07-Jul,T12-P14
269,T12,P14,IMG_6934,SW,1022,C1,H,,07-Jul,T12-P14
269,T12,P14,IMG_6935,SW,1022,C1,H,,07-Jul,T12-P14
269,T12,P14,IMG_6937,SW,NG,C1,H,,07-Jul,T12-P14
483,T12,P14,152603,SP,1022,C3,L,,,T12-P14
483,T12,P14,152610,MP,1022,C1,L,,,T12-P14
483,T12,P14,152615,MP,1022,C1,L,,,T12-P14
166,T12,P16,IMG_6921,MP,1022,C2,L,,13-Jun,T12-P16
222,T12,P16,182051,LP,NG,C1,H,,24-Jun,T12-P16
222,T12,P16,182048,SW,NG,C1,H,,24-Jun,T12-P16
350,T12,P17,IMG_7225,MW,1022,C2,H,,,T12-P17
350,T12,P17,IMG_7226,SW,NG,C1,H,,,T12-P17
367,T12,P17,IMG_7270,MP,1022,C2,L,,,T12-P17
350,T12,P17,IMG_7227,SW,1022,C1,NA,,,T12-P17
139,T12,P18,141056,LP,1022,C1,L,,03-Jun,T12-P18
139,T12,P18,141033,SP,1022,C1,L,,03-Jun,T12-P18
139,T12,P18,141051,SW,1022,C1,L,,03-Jun,T12-P18
139,T12,P18,141047,MP,1021/1022,C1,L,,03-Jun,T12-P18
139,T12,P18,141100,SW,NG,C1,L,,03-Jun,T12-P18
379,T12,P18,IMG_7294,LP,1022,C2,H,,,T12-P18
379,T12,P18,IMG_7293,LP,1022,C1,H,,,T12-P18
379,T12,P18,IMG_7292,MW,1022,C1,H,,,T12-P18
379,T12,P18,IMG_7291,SW,1022,C1,H,,,T12-P18
379,T12,P18,IMG_7295,SW,1022,C1,H,,,T12-P18
106,T12,P19,134540,SP,1022,C2,L,and LP,29-May,T12-P19
106,T12,P19,134547,LP,1021,C1,L,,29-May,T12-P19
106,T12,P19,134534,LP,1022,C1,L,,29-May,T12-P19
106,T12,P19,134553,LP,1022,C1,L,,29-May,T12-P19
270,T12,P19,IMG_6940,SW,NG,C1,H,,07-Jul,T12-P19
172,T12,P2,122501,LP,1022,C1,H,,16-Jun,T12-P2
172,T12,P2,122455,MP,1022,C1,H,,16-Jun,T12-P2
172,T12,P2,122458,SP,1022,C1,H,,16-Jun,T12-P2
480,T12,P2,152343,MP,1022,C1,L,,,T12-P2
480,T12,P2,152337,LP,NG,C1,L,,,T12-P2
170,T12,P21,122415,MW,1021,C1,L,,16-Jun,T12-P21
170,T12,P21,122411,LP,1022,C1,L,,16-Jun,T12-P21
170,T12,P21,122407,MP,1022,C1,L,,16-Jun,T12-P21
170,T12,P21,122355,MP,NG,C1,L,,16-Jun,T12-P21
170,T12,P21,122400,MW,NG,C1,L,,16-Jun,T12-P21
271,T12,P23,IMG_6948,VLP,1021,C1,L,,07-Jul,T12-P23
271,T12,P23,IMG_6944,MP,1022,C1,L,,07-Jul,T12-P23
271,T12,P23,IMG_6945,VLP,1022,C1,L,,07-Jul,T12-P23
271,T12,P23,IMG_6946,VLP,1022,C1,L,,07-Jul,T12-P23
271,T12,P23,IMG_6943,MW,NG,C1,L,,07-Jul,T12-P23
320,T12,P23,IMG_7127,SW,1022,C1,H,,,T12-P23
305,T12,P25,IMG_7068,SW,1022,C1,H,,,T12-P25
208,T12,P27,181717,MP,1022,C1,L,,21-Jun,T12-P27
208,T12,P27,181724,MP,1022,C1,L,,21-Jun,T12-P27
208,T12,P27,181729,MP,1022,C1,L,,21-Jun,T12-P27
208,T12,P27,181720,SP,1022,C1,L,"originally score VSP, changed to SP",21-Jun,T12-P27
208,T12,P27,181713,VSW,NG,C1,L,,21-Jun,T12-P27
484,T12,P4,152624,SW,NG,C1,L,,,T12-P4
149,T12,P6,124232,SW,NG,C1,L,,06-Jun,T12-P6
149,T12,P6,124237,SW,NG,C1,L,,06-Jun,T12-P6
403,T12,P6,IMG_7384,MW,1021,C1,H,,10-Aug,T12-P6
403,T12,P6,IMG_7381,MP,1022,C1,H,,10-Aug,T12-P6
403,T12,P6,IMG_7382,MW,1022,C1,H,,10-Aug,T12-P6
403,T12,P6,IMG_7383,MP,NG,C1,H,,10-Aug,T12-P6
192,T12,P8,164143,LP,1022,C1,L,,19-Jun,T12-P8
192,T12,P8,164147,LP,1022,C1,L,,19-Jun,T12-P8
192,T12,P8,164138,SP,1022,C1,L,,19-Jun,T12-P8
192,T12,P8,164133,LP,NG,C1,L,,19-Jun,T12-P8
359,T13,P10,IMG_7251,MP,1022,C4,H,and LP,,T13-P10
347,T13,P12,IMG_7214,MW,1022,C1,H,,,T13-P12
347,T13,P12,IMG_7216,SP,NG,C1,H,,,T13-P12
347,T13,P12,IMG_7215,SW,NG,C1,H,,,T13-P12
347,T13,P12,IMG_7217,SW,NG,C1,H,,,T13-P12
86,T13,P13,123612,LP,1021,C2,H,,25-May,T13-P13
86,T13,P13,123642,SW,1021,C1,H,,25-May,T13-P13
86,T13,P13,123630,MW,1022,C1,H,,25-May,T13-P13
86,T13,P13,123620,MW,NG,C1,H,,25-May,T13-P13
169,T13,P13,122330,SW,1022,C2,L,,16-Jun,T13-P13
169,T13,P13,122325,SP,1021,C1,L,,16-Jun,T13-P13
169,T13,P13,122041,MP,1022,C1,L,,16-Jun,T13-P13
169,T13,P13,122334,SP,1022,C1,L,,16-Jun,T13-P13
169,T13,P13,122343,MW,NG,C1,L,,16-Jun,T13-P13
198,T13,P14,181228,MW,1021,C1,H,,20-Jun,T13-P14
198,T13,P14,181223,MW,1022,C1,H,,20-Jun,T13-P14
198,T13,P14,181243,MW,1022,C1,H,,20-Jun,T13-P14
198,T13,P14,181234,SW,1022,C1,H,,20-Jun,T13-P14
198,T13,P14,181239,SW,1022,C1,H,,20-Jun,T13-P14
215,T13,P14,181303,LP,1021/1022,C2,L,,23-Jun,T13-P14
215,T13,P14,181345,SP,1021/1022,C2,L,and LP,23-Jun,T13-P14
215,T13,P14,181146,MP,1021,C1,L,,23-Jun,T13-P14
215,T13,P14,181335,LP,1022,C1,L,,23-Jun,T13-P14
215,T13,P14,181340,LP,1022,C1,L,,23-Jun,T13-P14
163,T13,P18,IMG_6913,VLP,1022,C2,H,,13-Jun,T13-P18
163,T13,P18,IMG_6914,LP,1022,C3,H,,13-Jun,T13-P18
163,T13,P18,IMG_6911,MW,1021,C1,H,,13-Jun,T13-P18
163,T13,P18,IMG_6910,LP,1022,C1,H,,13-Jun,T13-P18
163,T13,P18,IMG_6912,LP,1022,C1,H,,13-Jun,T13-P18
415,T13,P18,IMG_7439,MP,1022,C2,L,,10-Aug,T13-P18
415,T13,P18,IMG_7440,LP,1021,C1,L,,10-Aug,T13-P18
415,T13,P18,IMG_7441,LW,1022,C1,L,,10-Aug,T13-P18
415,T13,P18,IMG_7457,LW,1022,C1,L,,10-Aug,T13-P18
415,T13,P18,IMG_7456,SW,1022,C1,L,,10-Aug,T13-P18
307,T13,P2,IMG_7078,MP,1022,C3,L,and LP,,T13-P2
307,T13,P2,IMG_7079,LP,1022,C1,L,,,T13-P2
307,T13,P2,IMG_7077,MP,NG,C1,L,,,T13-P2
137,T13,P21,140740,SP,1022,C1,H,,02-Jun,T13-P21
137,T13,P21,140725,MP,NG,C1,H,,02-Jun,T13-P21
137,T13,P21,140732,MP,NG,C1,H,,02-Jun,T13-P21
137,T13,P21,140721,SP,NG,C1,H,,02-Jun,T13-P21
342,T13,P21,IMG_7204,MP,1022,C1,L,,,T13-P21
342,T13,P21,IMG_7205,MW,1022,C1,L,,,T13-P21
342,T13,P21,IMG_7206,SW,NG,C1,L,,,T13-P21
451,T13,P24,IMG_7583,MW,1022,C1,H,,,T13-P24
451,T13,P24,IMG_7584,MW,NG,C1,H,,,T13-P24
280,T13,P27,IMG_6977,LP,1022,C2,L,,10-Jul,T13-P27
517,T13,P27,IMG_7765,SW,NG,C2,H,,,T13-P27
517,T13,P27,IMG_7766,LP,1021,C1,H,,,T13-P27
517,T13,P27,IMG_7763,MP,1021,C1,H,,,T13-P27
517,T13,P27,IMG_7764,MP,1021,C1,H,,,T13-P27
53,T13,P28,145630,LP,1022,C1,L,,19-May,T13-P28
53,T13,P28,145640,SW,1022,C1,L,,19-May,T13-P28
53,T13,P28,145648,SW,1022,C1,L,,19-May,T13-P28
53,T13,P28,145635,SP,1021/1022,C1,L,,19-May,T13-P28
53,T13,P28,145618,VSW,NG,C1,L,,19-May,T13-P28
45,T13,P29,122728,MP,1022,C1,L,,19-May,T13-P29
164,T13,P29,IMG_6916,LP,1022,C2,H,"originally labeled T13-P25, but changed to P29",13-Jun,T13-P29
164,T13,P29,IMG_6915,LP,1021,C1,H,,13-Jun,T13-P29
147,T13,P6,124128,SW,NG,C3,H,,06-Jun,T13-P6
147,T13,P6,124123,MW,NG,C1,H,,06-Jun,T13-P6
147,T13,P6,124113,SW,NG,C1,H,,06-Jun,T13-P6
147,T13,P6,124117,SW,NG,C1,H,,06-Jun,T13-P6
290,T13,P6,IMG_7010,LP,1021,C2,L,,10-Jul,T13-P6
290,T13,P6,IMG_7008,MP,1022,C2,L,,10-Jul,T13-P6
290,T13,P6,IMG_7011,MW,1022,C1,L,,10-Jul,T13-P6
290,T13,P6,IMG_7009,VSW,NG,C1,L,,10-Jul,T13-P6
131,T13,P7,132321,SP,NG,C1,H,,31-May,T13-P7
131,T13,P7,132345,SP,NG,C1,H,,31-May,T13-P7
131,T13,P7,132333,SW,NG,C1,H,,31-May,T13-P7
131,T13,P7,132353,SW,NG,C1,H,,31-May,T13-P7
314,T13,P7,IMG_7107,MP,1022,C1,L,,,T13-P7
67,T13,P8,Missing,MW,1022,C1,L,,26-May,T13-P8
67,T13,P8,Missing,SP,1022,C1,L,,26-May,T13-P8
67,T13,P8,Missing,SP,1022,C1,L,,26-May,T13-P8
67,T13,P8,Missing,SW,1022,C1,L,,26-May,T13-P8
67,T13,P8,Missing,SW,NG,C1,L,,26-May,T13-P8
461,T13,P8,IMG_7616,LP,1021,C1,H,,,T13-P8
461,T13,P8,IMG_7613,MP,1022,C1,H,,,T13-P8
461,T13,P8,IMG_7612,LP,NG,C1,H,,,T13-P8
461,T13,P8,IMG_7614,LP,NG,C1,H,,,T13-P8
461,T13,P8,IMG_7615,SW,NG,C1,H,,,T13-P8
425,T14,P1,IMG_7489,MW,NG,C1,H,,,T14-P1
425,T14,P1,IMG_7487,SP,NG,C1,H,,,T14-P1
425,T14,P1,IMG_7488,SW,NG,C1,H,,,T14-P1
119,T14,P11,131653,MW,1021,C1,L,,31-May,T14-P11
119,T14,P11,131700,MP,NG,C1,L,,31-May,T14-P11
119,T14,P11,131705,MP,NG,C1,L,,31-May,T14-P11
119,T14,P11,131713,MW,NG,C1,L,,31-May,T14-P11
119,T14,P11,131640,SP,NG,C1,L,,31-May,T14-P11
228,T14,P11,133315,MP,1021/1022,C2,H,,28-Jun,T14-P11
228,T14,P11,133305,SW,1022,C1,H,,28-Jun,T14-P11
228,T14,P11,133311,SW,1022,C1,H,,28-Jun,T14-P11
228,T14,P11,133245,SP,NG,C1,H,,28-Jun,T14-P11
228,T14,P11,133257,VSW,NG,C1,H,,28-Jun,T14-P11
452,T14,P15,IMG_7587,MW,1021,C1,H,,,T14-P15
452,T14,P15,IMG_7585,MW,1022,C1,H,,,T14-P15
452,T14,P15,IMG_7586,MW,1022,C1,H,,,T14-P15
452,T14,P15,IMG_7589,SW,1022,C1,H,Re-culture,,T14-P15
452,T14,P15,IMG_7588,MW,NG,C1,H,,,T14-P15
381,T14,P16,IMG_7301,LW,1021,C1,H,,,T14-P16
381,T14,P16,IMG_7298,MW,1021,C1,H,,,T14-P16
381,T14,P16,IMG_7297,LW,1022,C1,H,,,T14-P16
381,T14,P16,IMG_7300,MW,1022,C1,H,,,T14-P16
381,T14,P16,IMG_7299,SW,1022,C1,H,,,T14-P16
63,T14,P17,95618,SW,1021/1022,C2,L,,23-May,T14-P17
63,T14,P17,95633,SW,1021,C1,L,,23-May,T14-P17
63,T14,P17,55638,SW,NG,C1,L,,23-May,T14-P17
218,T14,P17,181719,MW,1022,C1,H,,24-Jun,T14-P17
218,T14,P17,181730,SW,1022,C1,H,,24-Jun,T14-P17
218,T14,P17,181726,SW,NG,C1,H,,24-Jun,T14-P17
297,T14,P19,IMG_7050,LP,1022,C1,H,,15-Jul,T14-P19
297,T14,P19,IMG_7047,LW,1022,C1,H,,15-Jul,T14-P19
297,T14,P19,IMG_7048,LW,1022,C1,H,,15-Jul,T14-P19
297,T14,P19,IMG_7049,LW,1022,C1,H,,15-Jul,T14-P19
297,T14,P19,IMG_7046,LP,NG,C1,H,,15-Jul,T14-P19
260,T14,P22,140416,MP,1022,C1,L,,05-Jul,T14-P22
260,T14,P22,140419,MW,1022,C1,L,,05-Jul,T14-P22
260,T14,P22,140422,LW,NG,C1,L,,05-Jul,T14-P22
304,T14,P23,IMG_7069,LP,1021/1022,C2,H,,,T14-P23
304,T14,P23,IMG_7073,MP,1022,C1,H,,,T14-P23
304,T14,P23,IMG_7071,SW,1022,C1,H,IMG_7068,,T14-P23
304,T14,P23,IMG_7072,SW,1022,C1,H,,,T14-P23
304,T14,P23,IMG_7070,SW,NG,C1,H,,,T14-P23
88,T14,P25,123706,LP,1022,C1,L,"originally T24-P25, changed to T14-P25",25-May,T14-P25
88,T14,P25,123749,LP,NG,C1,L,"originally T24-P25, changed to T14-P25",25-May,T14-P25
88,T14,P25,123733,SW,NG,C1,L,"originally T24-P25, changed to T14-P25",25-May,T14-P25
88,T14,P25,123713,VSW,NG,C1,L,"originally T24-P25, changed to T14-P25",25-May,T14-P25
207,T14,P26,181656,MP,1021,C1,L,,21-Jun,T14-P26
207,T14,P26,181643,VLP,1022,C1,L,,21-Jun,T14-P26
207,T14,P26,181649,VSW,NG,C1,L,,21-Jun,T14-P26
498,T14,P26,IMG_7701,MP,NG,C1,H,,,T14-P26
102,T14,P3,134223,LP,1022,C1,L,"originally labeled T14-P13, but changed to P3",29-May,T14-P3
102,T14,P3,134216,MW,1022,C1,L,"originally labeled T14-P13, but changed to P3",29-May,T14-P3
102,T14,P3,134212,MP,NG,C1,L,"originally labeled T14-P13, but changed to P3",29-May,T14-P3
102,T14,P3,134209,SW,NG,C1,L,"originally labeled T14-P13, but changed to P3",29-May,T14-P3
102,T14,P3,134219,SW,NG,C1,L,"originally labeled T14-P13, but changed to P3",29-May,T14-P3
111,T14,P30,131211,LW,1021,C1,H,,31-May,T14-P30
111,T14,P30,131228,LW,1021,C1,H,,31-May,T14-P30
111,T14,P30,131205,LW,1022,C1,H,,31-May,T14-P30
111,T14,P30,131217,LW,1022,C1,H,,31-May,T14-P30
179,T14,P30,122750,MW,1021,C1,L,,16-Jun,T14-P30
179,T14,P30,122810,LP,1022,C1,L,,16-Jun,T14-P30
179,T14,P30,122758,MP,1022,C1,L,,16-Jun,T14-P30
179,T14,P30,122802,SW,1022,C1,L,,16-Jun,T14-P30
432,T14,P5,IMG_7519,SW,1021,C1,L,Re-culture,,T14-P5
47,T14,P8,144800,SW,NG,C1,H,,19-May,T14-P8
47,T14,P8,144805,SW,NG,C1,H,,19-May,T14-P8
47,T14,P8,144811,SW,NG,C1,H,,19-May,T14-P8
47,T14,P8,144816,SW,NG,C1,H,,19-May,T14-P8
51,T14,P9,145004,SP,1021,C2,L,and LP,19-May,T14-P9
51,T14,P9,145010,LP,1021,C1,L,,19-May,T14-P9
51,T14,P9,145027,MP,1021,C1,L,,19-May,T14-P9
51,T14,P9,145031,MP,1021,C1,L,,19-May,T14-P9
51,T14,P9,145017,SP,1022,C1,L,,19-May,T14-P9
508,T14,P9,IMG_7735,MW,1021,C2,H,and LW,,T14-P9
508,T14,P9,IMG_7736,SP,1022,C1,H,,,T14-P9
72,T15,P1,122552,LP,1022,C2,H,,25-May,T15-P1
72,T15,P1,122612,SW,1021/1022,C2,H,,25-May,T15-P1
72,T15,P1,122619,MW,1021,C1,H,,25-May,T15-P1
72,T15,P1,122605,LP,1022,C1,H,,25-May,T15-P1
72,T15,P1,122559,MW,1021/1022,C1,H,,25-May,T15-P1
121,T15,P1,131729,LP,NG,C1,L,,31-May,T15-P1
121,T15,P1,131811,LP,NG,C1,L,,31-May,T15-P1
121,T15,P1,131724,MW,NG,C1,L,,31-May,T15-P1
121,T15,P1,131800,VLP,NG,C1,L,,31-May,T15-P1
121,T15,P1,131736,VSW,NG,C1,L,,31-May,T15-P1
422,T15,P11,IMG_7477,MW,NG,C1,H,,,T15-P11
458,T15,P13,IMG_7607,SW,1022,C2,H,,,T15-P13
458,T15,P13,IMG_7606,SW,1021,C1,H,,,T15-P13
458,T15,P13,IMG_7609,VSW,1022,C1,H,,,T15-P13
458,T15,P13,IMG_7608,SW,NG,C1,H,,,T15-P13
94,T15,P14,124129,LP,1021,C1,H,,25-May,T15-P14
94,T15,P14,124120,SW,NG,C1,H,,25-May,T15-P14
94,T15,P14,124124,SW,NG,C1,H,,25-May,T15-P14
79,T15,P14,123003,MW,1022,C2,L,,25-May,T15-P14
79,T15,P14,122957,LP,1021,C1,L,,25-May,T15-P14
79,T15,P14,122944,MP,1021,C1,L,,25-May,T15-P14
79,T15,P14,122935,LP,1022,C1,L,,25-May,T15-P14
79,T15,P14,122951,LP,1022,C1,L,,25-May,T15-P14
383,T15,P16,IMG_7310,MW,1022,C1,L,,,T15-P16
383,T15,P16,IMG_7307,SW,1022,C1,L,Re-culture,,T15-P16
383,T15,P16,IMG_7309,SW,1022,C1,L,,,T15-P16
383,T15,P16,IMG_7311,SW,1022,C1,L,,,T15-P16
383,T15,P16,IMG_7308,SW,NG,C1,L,,,T15-P16
16,T15,P2,144408,SW,1021,C1,H,,10-May,T15-P2
16,T15,P2,144355,SW,NG,C1,H,,10-May,T15-P2
474,T15,P2,IMG_7656,SP,1021,C1,L,,,T15-P2
474,T15,P2,IMG_7657,SP,1022,C1,L,Re-culture,,T15-P2
205,T15,P21,181556,SW,1022,C1,L,,21-Jun,T15-P21
205,T15,P21,181550,MP,NG,C1,L,,21-Jun,T15-P21
210,T15,P21,181814,MW,1021,C1,H,"originally T15-P66, changed to T15-P21",21-Jun,T15-P21
210,T15,P21,181818,MP,1022,C1,H,"originally T15-P66, changed to T15-P21",21-Jun,T15-P21
210,T15,P21,181808,SP,1022,C1,H,"originally T15-P66, changed to T15-P21",21-Jun,T15-P21
210,T15,P21,181804,MW,NG,C1,H,"originally T15-P66, changed to T15-P21",21-Jun,T15-P21
210,T15,P21,181821,VSW,NG,C1,H,"originally T15-P66, changed to T15-P21",21-Jun,T15-P21
465,T15,P22,IMG_7632,SW,1022,C2,H,and MP,,T15-P22
465,T15,P22,IMG_7629,LP,1022,C1,H,,,T15-P22
465,T15,P22,IMG_7631,MP,1022,C1,H,,,T15-P22
465,T15,P22,IMG_7628,MW,1022,C1,H,,,T15-P22
465,T15,P22,IMG_7630,SP,1022,C1,H,,,T15-P22
140,T15,P23,141131,SP,1022,C2,L,and MP,03-Jun,T15-P23
140,T15,P23,141141,LP,1021,C1,L,,03-Jun,T15-P23
140,T15,P23,141137,LP,1022,C1,L,,03-Jun,T15-P23
140,T15,P23,141125,MW,1022,C1,L,,03-Jun,T15-P23
140,T15,P23,141120,SP,NG,C1,L,,03-Jun,T15-P23
253,T15,P24,162243,LP,1021,C2,L,,03-Jul,T15-P24
253,T15,P24,162236,LP,1022,C1,L,,03-Jul,T15-P24
253,T15,P24,162238,LP,1022,C1,L,,03-Jul,T15-P24
99,T15,P26,134101,LP,1022,C1,L,,29-May,T15-P26
99,T15,P26,134057,MW,1022,C1,L,,29-May,T15-P26
127,T15,P29,132134,SW,1021,C2,H,and LP,31-May,T15-P29
127,T15,P29,132123,LP,1021,C1,H,,31-May,T15-P29
127,T15,P29,132143,LP,NG,C1,H,,31-May,T15-P29
127,T15,P29,132152,LP,NG,C1,H,,31-May,T15-P29
505,T15,P30,IMG_7722,SW,1022,C2,H,,,T15-P30
505,T15,P30,IMG_7720,SW,1022,C1,H,Re-culture,,T15-P30
505,T15,P30,IMG_7723,SW,1022,C1,H,,,T15-P30
505,T15,P30,IMG_7721,SW,NG,C1,H,,,T15-P30
505,T15,P30,IMG_7724,VSW,NG,C1,H,,,T15-P30
262,T15,P5,140559,SW,1021,C1,L,,05-Jul,T15-P5
262,T15,P5,140524,SW,1022,C1,L,,05-Jul,T15-P5
262,T15,P5,140525,SW,1022,C1,L,,05-Jul,T15-P5
353,T15,P7,IMG_7235,MW,1022,C1,H,,,T15-P7
353,T15,P7,IMG_7234,MP,NG,C1,H,,,T15-P7
332,T15,P8,IMG_7168,MP,1022,C2,L,and SW,,T15-P8
332,T15,P8,IMG_7167,LW,1021,C1,L,,,T15-P8
332,T15,P8,IMG_7170,LW,1022,C1,L,,,T15-P8
332,T15,P8,IMG_7166,MP,1022,C1,L,,,T15-P8
332,T15,P8,IMG_7169,MW,NG,C1,L,,,T15-P8
487,T16,P10,152840,MW,1022,C1,L,,,T16-P10
495,T16,P10,IMG_7692,MW,1022,C1,L,,,T16-P10
495,T16,P10,IMG_7693,SW,NG,C1,L,,,T16-P10
56,T16,P12,145800,SW,NG,C1,H,,19-May,T16-P12
49,T16,P12,144940,SW,1022,C1,L,,19-May,T16-P12
252,T16,P15,162146,LP,1021,C1,L,,03-Jul,T16-P15
252,T16,P15,162131,LP,1022,C1,L,,03-Jul,T16-P15
252,T16,P15,162152,LP,1022,C1,L,,03-Jul,T16-P15
252,T16,P15,162156,LP,1022,C1,L,,03-Jul,T16-P15
252,T16,P15,162225,LP,NG,C1,L,,03-Jul,T16-P15
263,T16,P15,140619,MW,1021,C1,H,,05-Jul,T16-P15
405,T16,P17,IMG_7387,SW,NG,C1,H,,10-Aug,T16-P17
136,T16,P18,140616,SW,NG,C1,L,,02-Jun,T16-P18
136,T16,P18,140640,SW,NG,C1,L,,02-Jun,T16-P18
292,T16,P19,IMG_7014,SW,NG,C1,H,,10-Jul,T16-P19
292,T16,P19,IMG_7015,SW,NG,C1,H,,10-Jul,T16-P19
310,T16,P19,IMG_7088,LP,1022,C1,L,,,T16-P19
310,T16,P19,IMG_7089,LP,1022,C1,L,,,T16-P19
310,T16,P19,IMG_7091,LP,1022,C1,L,,,T16-P19
310,T16,P19,IMG_7087,LP,NG,C1,L,,,T16-P19
310,T16,P19,IMG_7090,MP,NG,C1,L,,,T16-P19
48,T16,P20,144909,SP,1021,C1,L,,19-May,T16-P20
48,T16,P20,144914,MW,1022,C1,L,,19-May,T16-P20
48,T16,P20,144841,SP,1022,C1,L,,19-May,T16-P20
48,T16,P20,144853,SP,1021/1022,C1,L,,19-May,T16-P20
168,T16,P20,122006,MP,1022,C2,H,,16-Jun,T16-P20
168,T16,P20,121943,SW,1022,C1,H,,16-Jun,T16-P20
168,T16,P20,121955,SW,1022,C1,H,,16-Jun,T16-P20
168,T16,P20,122001,SW,1022,C1,H,,16-Jun,T16-P20
168,T16,P20,121950,SW,1022,C1,H,and MP,16-Jun,T16-P20
431,T16,P27,IMG_7516,SP,1022,C1,L,Re-culture,,T16-P27
431,T16,P27,IMG_7517,SW,1022,C1,L,Re-culture,,T16-P27
431,T16,P27,IMG_7514,SW,NG,C1,L,,,T16-P27
431,T16,P27,IMG_7515,SW,NG,C1,L,,,T16-P27
431,T16,P27,IMG_7518,SW,NG,C1,L,,,T16-P27
268,T16,P28,IMG_6933,SP,1022,C1,H,,07-Jul,T16-P28
340,T16,P28,IMG_7188,MW,1022,C1,L,,,T16-P28
340,T16,P28,IMG_7189,MW,1022,C1,L,,,T16-P28
340,T16,P28,IMG_7191,MW,1022,C1,L,,,T16-P28
340,T16,P28,IMG_7190,SW,1022,C1,L,,,T16-P28
38,T16,P3,104855,VLP,1022,C1,L,,16-May,T16-P3
68,T16,P31,125103,SW,1021,C1,H,,24-May,T16-P31
68,T16,P31,125108,MP,1022,C1,H,,24-May,T16-P31
68,T16,P31,125117,SP,1022,C1,H,,24-May,T16-P31
68,T16,P31,125113,SW,1022,C1,H,,24-May,T16-P31
398,T16,P31,IMG_7366,SW,1021,C6,L,and MP,10-Aug,T16-P31
398,T16,P31,IMG_7368,MP,1021,C1,L,,10-Aug,T16-P31
42,T16,P32,144415,SW,1021/1022,C2,H,,19-May,T16-P32
42,T16,P32,144423,MP,1021,C1,H,,19-May,T16-P32
42,T16,P32,144523,MP,1022,C1,H,,19-May,T16-P32
42,T16,P32,144516,SW,1022,C1,H,,19-May,T16-P32
42,T16,P32,144507,SW,NG,C1,H,,19-May,T16-P32
50,T16,P32,144948,MP,1021,C1,H,"originally T17-P32, changed to T16-P32",19-May,T16-P32
80,T16,P32,123243,MW,1021,C1,L,,25-May,T16-P32
80,T16,P32,123250,SW,1021/1022,C1,L,,25-May,T16-P32
191,T16,P4,164119,SW,NG,C3,L,,19-Jun,T16-P4
191,T16,P4,164124,SW,1022,C1,L,,19-Jun,T16-P4
191,T16,P4,164128,SW,1022,C1,L,Re-culture,19-Jun,T16-P4
264,T16,P4,140835,LW,1022,C2,H,,05-Jul,T16-P4
264,T16,P4,140705,LP,1021,C1,H,,05-Jul,T16-P4
264,T16,P4,140838,LW,1021,C1,H,"originally score VLW, changed to LW",05-Jul,T16-P4
264,T16,P4,140759,LW,NG,C1,H,,05-Jul,T16-P4
289,T16,P6,IMG_7005,SW,1021/1022,C2,H,and MW,10-Jul,T16-P6
289,T16,P6,IMG_7006,MW,NG,C1,H,,10-Jul,T16-P6
289,T16,P6,IMG_7003,SW,NG,C1,H,,10-Jul,T16-P6
289,T16,P6,IMG_7007,SW,NG,C1,H,,10-Jul,T16-P6
356,T16,P6,IMG_7244,LW,1022,C1,L,,,T16-P6
356,T16,P6,IMG_7242,MW,1022,C1,L,,,T16-P6
356,T16,P6,IMG_7243,MW,1022,C1,L,,,T16-P6
442,T16,P9,IMG_7559,MW,1022,C2,H,,,T16-P9
442,T16,P9,IMG_7557,SW,1022,C1,H,,,T16-P9
442,T16,P9,IMG_7560,SW,1022,C1,H,,,T16-P9
442,T16,P9,IMG_7558,SW,NG,C1,H,,,T16-P9
502,T17,P1,IMG_7709,SW,NG,C1,H,,,T17-P1
502,T17,P1,IMG_7710,SW,NG,C1,H,,,T17-P1
87,T17,P11,123657,MW,NG,C1,L,,25-May,T17-P11
87,T17,P11,123651,SP,NG,C1,L,,25-May,T17-P11
343,T17,P11,IMG_7208,SW,1022,C1,H,,,T17-P11
343,T17,P11,IMG_7207,SW,NG,C1,H,,,T17-P11
279,T17,P13,IMG_6942,LP,1021,C1,H,,07-Jul,T17-P13
279,T17,P13,IMG_6941,LW,1021,C1,H,,07-Jul,T17-P13
478,T17,P13,152152,MP,1021/1022,C1,L,,,T17-P13
478,T17,P13,152207,SW,1022,C1,L,,,T17-P13
478,T17,P13,152221,SW,1022,C1,L,,,T17-P13
478,T17,P13,152231,SW,1022,C1,L,,,T17-P13
395,T17,P15,IMG_7359,SW,1021,C3,L,,10-Aug,T17-P15
395,T17,P15,IMG_7358,SP,NG,C1,L,,10-Aug,T17-P15
427,T17,P15,IMG_7496,MW,1021,C1,H,,,T17-P15
427,T17,P15,IMG_7495,SW,1022,C1,H,,,T17-P15
427,T17,P15,IMG_7497,SW,NG,C1,H,,,T17-P15
85,T17,P17,123605,SW,1021,C1,H,,25-May,T17-P17
85,T17,P17,123559,SW,1022,C1,H,,25-May,T17-P17
85,T17,P17,123552,MW,NG,C1,H,,25-May,T17-P17
362,T17,P17,IMG_7258,LP,1022,C1,L,,,T17-P17
362,T17,P17,IMG_7256,MP,1022,C1,L,,,T17-P17
362,T17,P17,IMG_7255,SW,1022,C1,L,,,T17-P17
362,T17,P17,IMG_7257,SW,1022,C1,L,,,T17-P17
362,T17,P17,IMG_7254,SW,NG,C1,L,,,T17-P17
130,T17,P19,132301,MP,1021,C1,H,,31-May,T17-P19
130,T17,P19,132308,MP,1021,C1,H,,31-May,T17-P19
130,T17,P19,132314,MP,NG,C1,H,,31-May,T17-P19
130,T17,P19,132248,SW,NG,C1,H,,31-May,T17-P19
130,T17,P19,132255,SW,NG,C1,H,,31-May,T17-P19
349,T17,P19,IMG_7220,SW,1022,C1,L,,,T17-P19
349,T17,P19,IMG_7222,SW,1022,C1,L,,,T17-P19
349,T17,P19,IMG_7223,MW,NG,C1,L,,,T17-P19
349,T17,P19,IMG_7219,SW,NG,C1,L,,,T17-P19
349,T17,P19,IMG_7224,SW,NG,C1,L,,,T17-P19
60,T17,P21,95114,SP,1021,C1,H,,23-May,T17-P21
60,T17,P21,95129,SP,1021,C1,H,,23-May,T17-P21
60,T17,P21,95135,MP,1022,C1,H,,23-May,T17-P21
60,T17,P21,95106,SW,NG,C1,H,,23-May,T17-P21
60,T17,P21,95124,SW,NG,C1,H,,23-May,T17-P21
414,T17,P24,IMG_7438,SP,1021,C1,L,,10-Aug,T17-P24
414,T17,P24,IMG_7436,SW,1021,C1,L,,10-Aug,T17-P24
414,T17,P24,IMG_7435,SP,1022,C1,L,,10-Aug,T17-P24
414,T17,P24,IMG_7437,SP,1022,C1,L,,10-Aug,T17-P24
18,T17,P26,144515,SP,1021,C1,H,,10-May,T17-P26
18,T17,P26,144511,SW,1021,C1,H,,10-May,T17-P26
18,T17,P26,144505,VSW,1021,C1,H,,10-May,T17-P26
18,T17,P26,144459,VSW,NG,C1,H,,10-May,T17-P26
348,T17,P26,IMG_7218,SW,NG,C1,L,,,T17-P26
22,T17,P29,141352,MW,NG,C3,H,,12-May,T17-P29
22,T17,P29,141419,MW,1021,C1,H,,12-May,T17-P29
22,T17,P29,141404,LP,1022,C1,H,,12-May,T17-P29
22,T17,P29,141401,SW,1022,C1,H,,12-May,T17-P29
341,T17,P29,IMG_7192,SW,NG,C2,L,,,T17-P29
341,T17,P29,IMG_7194,LP,1021,C1,L,,,T17-P29
341,T17,P29,IMG_7195,MP,1022,C1,L,,,T17-P29
341,T17,P29,IMG_7193,SW,1022,C1,L,,,T17-P29
132,T17,P3,132401,SW,NG,C1,H,,31-May,T17-P3
352,T17,P31,IMG_7232,LW,1022,C1,L,,,T17-P31
352,T17,P31,IMG_7233,MW,NG,C1,L,,,T17-P31
352,T17,P31,IMG_7231,SW,NG,C1,L,,,T17-P31
352,T17,P31,IMG_7230,VSW,NG,C1,L,,,T17-P31
74,T17,P33,122710,MP,1021,C1,H,,25-May,T17-P33
74,T17,P33,122703,SP,1021,C1,H,,25-May,T17-P33
74,T17,P33,122715,SW,1021,C1,H,,25-May,T17-P33
74,T17,P33,122656,MP,1022,C1,H,,25-May,T17-P33
74,T17,P33,122725,MP,1022,C1,H,,25-May,T17-P33
329,T17,P33,IMG_7155,MP,1022,C1,L,,,T17-P33
329,T17,P33,IMG_7157,MP,1022,C1,L,,,T17-P33
329,T17,P33,IMG_7158,MP,NG,C1,L,,,T17-P33
329,T17,P33,IMG_7156,SP,NG,C1,L,,,T17-P33
329,T17,P33,IMG_7159,SP,NG,C1,L,,,T17-P33
24,T17,P35,141248,LP,1021,C1,L,,12-May,T17-P35
24,T17,P35,141257,LP,1021,C1,L,,12-May,T17-P35
24,T17,P35,141307,MP,1022,C1,L,,12-May,T17-P35
24,T17,P35,141253,SW,1022,C1,L,,12-May,T17-P35
24,T17,P35,141302,SW,1022,C1,L,,12-May,T17-P35
54,T17,P35,145719,MW,1022,C1,H,,19-May,T17-P35
54,T17,P35,145723,SW,1022,C1,H,,19-May,T17-P35
54,T17,P35,145659,VLP,1022,C1,H,,19-May,T17-P35
54,T17,P35,145708,VLP,1022,C1,H,,19-May,T17-P35
54,T17,P35,145714,SW,NG,C1,H,,19-May,T17-P35
36,T17,P36,104814,MP,1021,C2,L,,16-May,T17-P36
36,T17,P36,104804,LP,1021,C1,L,,16-May,T17-P36
36,T17,P36,104810,LP,1021,C1,L,,16-May,T17-P36
36,T17,P36,104820,SP,1021,C1,L,,16-May,T17-P36
36,T17,P36,104758,VLP,1021,C1,L,,16-May,T17-P36
499,T17,P5,IMG_7702,SW,NG,C1,H,,,T17-P5
499,T17,P5,IMG_7703,SW,NG,C1,H,,,T17-P5
499,T17,P5,IMG_7704,VSW,NG,C1,H,,,T17-P5
499,T17,P5,IMG_7705,VSW,NG,C1,H,,,T17-P5
477,T17,P5,152811,MP,1021,C1,L,,,T17-P5
477,T17,P5,152129,MP,1021,C1,L,,,T17-P5
477,T17,P5,152054,MP,1022,C1,L,,,T17-P5
477,T17,P5,152018,SW,NG,C1,L,,,T17-P5
443,T17,P7,IMG_7561,MW,1022,C1,H,,,T17-P7
109,T17,P9,134721,LP,1021,C1,L,,29-May,T17-P9
109,T17,P9,134717,LP,1022,C1,L,,29-May,T17-P9
109,T17,P9,134727,LP,1022,C1,L,,29-May,T17-P9
109,T17,P9,134732,LP,1022,C1,L,,29-May,T17-P9
109,T17,P9,134708,SP,1022,C1,L,,29-May,T17-P9
115,T18,P10,131403,LP,1022,C1,L,,31-May,T18-P10
115,T18,P10,131424,SW,1022,C1,L,,31-May,T18-P10
115,T18,P10,131431,SW,1022,C1,L,,31-May,T18-P10
115,T18,P10,131410,SP,NG,C1,L,,31-May,T18-P10
115,T18,P10,131418,SW,NG,C1,L,,31-May,T18-P10
516,T18,P12,IMG_7762,SP,1021,C3,H,,,T18-P12
25,T18,P14,141423,SP,NG,C2,H,,12-May,T18-P14
25,T18,P14,141426,MP,1021,C1,H,,12-May,T18-P14
25,T18,P14,141419,MW,1021,C1,H,,12-May,T18-P14
105,T18,P14,134435,MP,1022,C1,L,Re-culture,29-May,T18-P14
105,T18,P14,134441,MP,NG,C1,L,,29-May,T18-P14
105,T18,P14,134508,MP,NG,C1,L,,29-May,T18-P14
105,T18,P14,134516,MP,NG,C1,L,,29-May,T18-P14
105,T18,P14,134446,MW,NG,C1,L,,29-May,T18-P14
114,T18,P16,131345,LW,NG,C1,L,,31-May,T18-P16
114,T18,P16,131339,MW,NG,C1,L,,31-May,T18-P16
114,T18,P16,131352,MW,NG,C1,L,,31-May,T18-P16
371,T18,P16,IMG_7415,SP,1021,C1,H,,,T18-P16
371,T18,P16,IMG_7414,SW,1022,C1,H,,,T18-P16
371,T18,P16,IMG_7416,SW,1022,C1,H,,,T18-P16
371,T18,P16,IMG_7413,SP,NG,C1,H,,,T18-P16
117,T18,P18,131521,MP,NG,C1,H,,31-May,T18-P18
117,T18,P18,131530,MP,NG,C1,H,,31-May,T18-P18
117,T18,P18,131516,SW,NG,C1,H,,31-May,T18-P18
117,T18,P18,131541,SW,NG,C1,H,,31-May,T18-P18
117,T18,P18,131551,SW,NG,C1,H,,31-May,T18-P18
224,T18,P2,182138,MW,1022,C1,H,,24-Jun,T18-P2
224,T18,P2,182145,LW,NG,C1,H,,24-Jun,T18-P2
224,T18,P2,182149,SW,NG,C1,H,,24-Jun,T18-P2
224,T18,P2,182157,SW,NG,C1,H,,24-Jun,T18-P2
29,T18,P20,104505,MP,1021,C1,H,,16-May,T18-P20
29,T18,P20,104500,MW,1021,C1,H,,16-May,T18-P20
29,T18,P20,104510,MW,1021,C1,H,,16-May,T18-P20
242,T18,P20,125208,MW,1022,C2,L,,30-Jun,T18-P20
242,T18,P20,125202,LW,1022,C1,L,,30-Jun,T18-P20
242,T18,P20,125253,SW,NG,C1,L,,30-Jun,T18-P20
225,T18,P22,182207,MW,1022,C1,L,,24-Jun,T18-P22
225,T18,P22,182210,MW,1022,C1,L,,24-Jun,T18-P22
225,T18,P22,182213,MW,1022,C1,L,,24-Jun,T18-P22
225,T18,P22,182220,SP,1022,C1,L,,24-Jun,T18-P22
372,T18,P22,IMG_7417,SP,1022,C2,H,,,T18-P22
378,T18,P23,IMG_7289,SW,1021,C1,H,,,T18-P23
378,T18,P23,IMG_7288,SW,NG,C1,H,,,T18-P23
378,T18,P23,IMG_7290,VSW,NG,C1,H,,,T18-P23
299,T18,P25,IMG_7057,LW,1022,C1,L,,15-Jul,T18-P25
299,T18,P25,IMG_7056,SP,1022,C1,L,Re-culture,15-Jul,T18-P25
299,T18,P25,IMG_7058,SW,1022,C1,L,,15-Jul,T18-P25
338,T18,P27,IMG_7181,LP,1022,C1,L,,,T18-P27
338,T18,P27,IMG_7183,LW,1022,C1,L,,,T18-P27
338,T18,P27,IMG_7182,LP,NG,C1,L,,,T18-P27
27,T18,P28,141504,SW,1021,C1,L,,12-May,T18-P28
27,T18,P28,141451,LP,1022,C1,L,,12-May,T18-P28
27,T18,P28,141445,SW,NG,C1,L,,12-May,T18-P28
27,T18,P28,NA,NA,NA,NA,NA,,12-May,T18-P28
27,T18,P28,NA,NA,NA,NA,NA,,12-May,T18-P28
66,T18,P30,125030,LP,1021,C1,H,,24-May,T18-P30
66,T18,P30,125043,LP,1021,C1,H,,24-May,T18-P30
66,T18,P30,125038,MW,1021,C1,H,,24-May,T18-P30
66,T18,P30,125048,SW,1022,C1,H,,24-May,T18-P30
417,T18,P30,IMG_7446,LP,1021,C1,L,,10-Aug,T18-P30
417,T18,P30,IMG_7447,LP,1021,C1,L,,10-Aug,T18-P30
417,T18,P30,IMG_7448,LP,1021,C1,L,,10-Aug,T18-P30
417,T18,P30,IMG_7450,MP,1021,C1,L,,10-Aug,T18-P30
417,T18,P30,IMG_7449,MP,1022,C1,L,,10-Aug,T18-P30
390,T18,P32,IMG_7334,MW,1022,C1,H,,,T18-P32
390,T18,P32,IMG_7331,MW,NG,C1,H,,,T18-P32
390,T18,P32,IMG_7332,SW,NG,C1,H,,,T18-P32
390,T18,P32,IMG_7333,SW,NG,C1,H,,,T18-P32
390,T18,P32,IMG_7335,SW,NG,C1,H,,,T18-P32
366,T18,P32,IMG_7265,MP,1022,C1,L,,,T18-P32
366,T18,P32,IMG_7269,MP,1022,C1,L,,,T18-P32
366,T18,P32,IMG_7266,MP,NG,C1,L,,,T18-P32
366,T18,P32,IMG_7268,SP,NG,C1,L,,,T18-P32
366,T18,P32,IMG_7267,SW,NG,C1,L,,,T18-P32
4,T18,P34,155318,LP,1022,C1,L,,05-May,T18-P34
4,T18,P34,155326,LP,1022,C1,L,,05-May,T18-P34
4,T18,P34,155334,LP,1022,C1,L,,05-May,T18-P34
4,T18,P34,155339,LP,1022,C1,L,,05-May,T18-P34
4,T18,P34,155311,MP,1022,C1,L,,05-May,T18-P34
380,T18,P4,IMG_7296,SW,1022,C1,H,,,T18-P4
369,T18,P4,IMG_7406,VSW,1022,C1,L,,,T18-P4
369,T18,P4,IMG_7407,VSW,1022,C1,L,,,T18-P4
369,T18,P4,IMG_7405,VSW,NG,C1,L,,,T18-P4
358,T18,P6,IMG_7249,SW,1021/1022,C2,H,,,T18-P6
358,T18,P6,IMG_7250,MW,1022,C1,H,,,T18-P6
358,T18,P6,IMG_7248,VSW,NG,C1,H,,,T18-P6
438,T18,P6,IMG_7540,SW,NA,C1,L,,,T18-P6
407,T18,P8,IMG_7393,MW,1021,C1,H,,10-Aug,T18-P8
407,T18,P8,IMG_7394,SW,1021,C1,H,,10-Aug,T18-P8
407,T18,P8,IMG_7392,MW,NG,C1,H,,10-Aug,T18-P8
407,T18,P8,IMG_7391,SP,NG,C1,H,,10-Aug,T18-P8
43,T19,P1,144629,MW,1021,C1,H,,19-May,T19-P1
43,T19,P1,144641,LP,1022,C1,H,,19-May,T19-P1
43,T19,P1,144636,MW,1022,C1,H,,19-May,T19-P1
43,T19,P1,144617,SW,1022,C1,H,,19-May,T19-P1
40,T19,P11,105002,VSW,NG,C1,L,,16-May,T19-P11
40,T19,P11,105008,VSW,NG,C1,L,,16-May,T19-P11
193,T19,P11,164154,SW,1022,C1,H,,19-Jun,T19-P11
193,T19,P11,164204,SW,1022,C1,H,,19-Jun,T19-P11
193,T19,P11,164208,SW,1022,C1,H,,19-Jun,T19-P11
193,T19,P11,164159,SW,NG,C1,H,,19-Jun,T19-P11
231,T19,P11,131719,MW,1022,C1,L,,29-Jun,T19-P11
231,T19,P11,131715,SW,1022,C1,L,,29-Jun,T19-P11
231,T19,P11,131724,SW,1022,C1,L,,29-Jun,T19-P11
231,T19,P11,131706,SW,NG,C1,L,,29-Jun,T19-P11
30,T19,P13,104520,SP,1021,C1,H,,16-May,T19-P13
30,T19,P13,104526,SP,1022,C1,H,,16-May,T19-P13
30,T19,P13,104531,SW,1022,C1,H,,16-May,T19-P13
57,T19,P13,134811,LP,1021,C1,L,,19-May,T19-P13
57,T19,P13,145807,MP,1022,C1,L,,19-May,T19-P13
57,T19,P13,145816,MP,1022,C1,L,,19-May,T19-P13
57,T19,P13,145820,MP,1022,C1,L,,19-May,T19-P13
57,T19,P13,145824,MW,1022,C1,L,,19-May,T19-P13
37,T19,P15,104827,SP,1021/1022,C2,H,,16-May,T19-P15
37,T19,P15,104845,SW,1021,C1,H,,16-May,T19-P15
37,T19,P15,104834,LP,1022,C1,H,,16-May,T19-P15
37,T19,P15,104840,SP,1022,C1,H,,16-May,T19-P15
122,T19,P15,131831,MP,NG,C1,L,,31-May,T19-P15
365,T19,P17,IMG_7263,SW,1022,C2,H,"originally T19-P24, changed to T19-P17",,T19-P17
365,T19,P17,IMG_7262,SW,1022,C1,H,"originally T19-P24, changed to T19-P17",,T19-P17
365,T19,P17,IMG_7264,SW,1022,C1,H,"originally T19-P24, changed to T19-P17",,T19-P17
5,T19,P19,155416,MP,1022,C1,L,,05-May,T19-P19
5,T19,P19,155411,MW,1022,C1,L,,05-May,T19-P19
5,T19,P19,155359,SW,1022,C1,L,,05-May,T19-P19
5,T19,P19,155423,SW,NG,C1,L,,05-May,T19-P19
5,T19,P19,155431,SW,NG,C1,L,,05-May,T19-P19
13,T19,P19,144105,LP,1022,C2,H,,10-May,T19-P19
13,T19,P19,144138,LP,1022,C2,H,,10-May,T19-P19
13,T19,P19,144111,SW,NG,C1,H,,10-May,T19-P19
113,T19,P21,131305,SW,NG,C1,H,,31-May,T19-P21
113,T19,P21,131313,SW,NG,C1,H,,31-May,T19-P21
113,T19,P21,131322,VSW,NG,C1,H,,31-May,T19-P21
113,T19,P21,131332,VSW,NG,C1,H,,31-May,T19-P21
26,T19,P23,141430,SW,NG,C2,H,,12-May,T19-P23
26,T19,P23,141433,MW,1022,C1,H,,12-May,T19-P23
26,T19,P23,141436,SW,NG,C1,H,,12-May,T19-P23
26,T19,P23,141441,SW,NG,C1,H,,12-May,T19-P23
71,T19,P23,123232,MW,1021,C1,L,,24-May,T19-P23
71,T19,P23,125319,SW,1021,C1,L,,24-May,T19-P23
71,T19,P23,125238,VSW,NG,C1,L,,24-May,T19-P23
75,T19,P25,122747,VSW,1022,C2,L,,25-May,T19-P25
75,T19,P25,122732,SW,1022,C1,L,,25-May,T19-P25
75,T19,P25,122740,SW,NG,C1,L,,25-May,T19-P25
500,T19,P25,IMG_7706,SP,1022,C1,H,,,T19-P25
500,T19,P25,IMG_7707,MP,NG,C1,H,,,T19-P25
96,T19,P3,133450,LP,1022,C1,L,,29-May,T19-P3
96,T19,P3,133459,MP,1022,C1,L,,29-May,T19-P3
96,T19,P3,133455,MW,1022,C1,L,,29-May,T19-P3
96,T19,P3,133503,SW,NG,C1,L,,29-May,T19-P3
504,T19,P3,IMG_7717,SW,1022,C2,H,,,T19-P3
504,T19,P3,IMG_7719,MP,1022,C1,H,,,T19-P3
504,T19,P3,IMG_7718,MW,1022,C1,H,,,T19-P3
504,T19,P3,IMG_7716,SW,1022,C1,H,,,T19-P3
504,T19,P3,IMG_7715,SW,NG,C1,H,,,T19-P3
62,T19,P5,95512,MP,1022,C1,H,,23-May,T19-P5
62,T19,P5,95519,SW,NG,C1,H,,23-May,T19-P5
62,T19,P5,95529,SW,NG,C1,H,,23-May,T19-P5
62,T19,P5,95549,MW,NA,C1,H,,23-May,T19-P5
123,T19,P5,131840,LP,1022,C3,L,Re-culture,31-May,T19-P5
123,T19,P5,131846,MP,1022,C1,L,,31-May,T19-P5
123,T19,P5,131853,SW,NG,C1,L,,31-May,T19-P5
211,T19,P5,181832,MP,NG,C1,H,,21-Jun,T19-P5
211,T19,P5,181828,MW,NG,C1,H,,21-Jun,T19-P5
211,T19,P5,181837,MW,NG,C1,H,,21-Jun,T19-P5
211,T19,P5,181824,SW,NG,C1,H,,21-Jun,T19-P5
19,T19,P9,144523,MW,1021,C1,H,,10-May,T19-P9
19,T19,P9,144536,MW,1021,C1,H,,10-May,T19-P9
19,T19,P9,144520,MP,1022,C1,H,,10-May,T19-P9
19,T19,P9,144531,MW,1022,C1,H,,10-May,T19-P9
19,T19,P9,144541,SP,1022,C1,H,,10-May,T19-P9
28,T19,P9,104431,MW,NG,C1,L,,16-May,T19-P9
28,T19,P9,104436,MW,NG,C1,L,,16-May,T19-P9
28,T19,P9,104440,MW,NG,C1,L,,16-May,T19-P9
28,T19,P9,104420,SW,NG,C1,L,,16-May,T19-P9
28,T19,P9,104444,SW,NG,C1,L,,16-May,T19-P9
151,T1,P13,124311,SP,NG,C1,H,,06-Jun,T1-P13
151,T1,P13,124316,SW,NG,C1,H,,06-Jun,T1-P13
333,T1,P13,IMG_7172,MW,1022,C1,L,,,T1-P13
333,T1,P13,IMG_7173,MW,NG,C1,L,,,T1-P13
333,T1,P13,IMG_7171,SW,NG,C1,L,,,T1-P13
243,T1,P15,125325,LW,1022,C1,L,,30-Jun,T1-P15
243,T1,P15,125307,MW,1022,C1,L,,30-Jun,T1-P15
243,T1,P15,125338,MW,1022,C1,L,,30-Jun,T1-P15
243,T1,P15,125413,VSW,NG,C1,L,,30-Jun,T1-P15
510,T1,P15,IMG_7739,MW,1021,C1,H,,,T1-P15
510,T1,P15,IMG_7740,MW,1021,C1,H,,,T1-P15
510,T1,P15,IMG_7743,SW,1022,C1,H,,,T1-P15
510,T1,P15,IMG_7741,MW,NG,C1,H,,,T1-P15
510,T1,P15,IMG_7742,SW,NG,C1,H,,,T1-P15
457,T1,P19,IMG_7602,SW,1022,C1,H,,,T1-P19
457,T1,P19,IMG_7603,SW,1022,C1,H,,,T1-P19
457,T1,P19,IMG_7604,SW,1022,C1,H,,,T1-P19
457,T1,P19,IMG_7605,VSW,1022,C1,H,,,T1-P19
118,T1,P22,131604,LW,1022,C1,H,,31-May,T1-P22
118,T1,P22,131609,MW,1022,C1,H,,31-May,T1-P22
118,T1,P22,131614,MW,1022,C1,H,,31-May,T1-P22
118,T1,P22,131557,SW,NG,C1,H,,31-May,T1-P22
441,T1,P22,IMG_7543,SP,1022,C1,L,,,T1-P22
441,T1,P22,IMG_7544,SW,1022,C1,L,,,T1-P22
441,T1,P22,IMG_7545,SW,NG,C1,L,,,T1-P22
441,T1,P22,IMG_7546,SW,NG,C1,L,,,T1-P22
188,T1,P27,164037,SW,1022,C1,L,,19-Jun,T1-P27
188,T1,P27,164046,SW,1022,C1,L,,19-Jun,T1-P27
188,T1,P27,164041,SW,NG,C1,L,,19-Jun,T1-P27
319,T1,P27,IMG_7126,SW,1022,C2,H,and MW,,T1-P27
319,T1,P27,IMG_7125,SW,1022,C3,H,,,T1-P27
319,T1,P27,IMG_7124,MW,1022,C1,H,,,T1-P27
423,T1,P30,IMG_7479,SP,1022,C2,H,,,T1-P30
423,T1,P30,IMG_7481,MP,1022,C1,H,Re-culture,,T1-P30
423,T1,P30,IMG_7478,MW,1022,C1,H,,,T1-P30
423,T1,P30,IMG_7480,MP,NG,C1,H,,,T1-P30
439,T1,P30,IMG_7541,SW,NG,C1,L,,,T1-P30
161,T1,P31,IMG_6903,MW,1021,C1,H,,13-Jun,T1-P31
161,T1,P31,IMG_6904,SW,1022,C1,H,,13-Jun,T1-P31
161,T1,P31,IMG_6901,SW,NG,C1,H,,13-Jun,T1-P31
161,T1,P31,IMG_6902,VSW,NG,C1,H,,13-Jun,T1-P31
195,T1,P31,181020,LP,1021,C2,L,,20-Jun,T1-P31
195,T1,P31,181025,LP,1022,C1,L,,20-Jun,T1-P31
195,T1,P31,181012,MP,1022,C1,L,Re-culture,20-Jun,T1-P31
195,T1,P31,181044,MP,1022,C1,L,,20-Jun,T1-P31
195,T1,P31,181029,MP,NG,C1,L,,20-Jun,T1-P31
248,T1,P33,161549,MW,1022,C2,L,,03-Jul,T1-P33
248,T1,P33,161536,LW,1022,C1,L,,03-Jul,T1-P33
248,T1,P33,161546,LW,1022,C1,L,,03-Jul,T1-P33
248,T1,P33,161600,LW,1022,C1,L,,03-Jul,T1-P33
248,T1,P33,161530,MW,1022,C1,L,,03-Jul,T1-P33
446,T1,P33,IMG_7564,SW,1022,C1,H,,,T1-P33
446,T1,P33,IMG_7567,SW,1022,C1,H,,,T1-P33
446,T1,P33,IMG_7565,SW,NG,C1,H,,,T1-P33
446,T1,P33,IMG_7566,SW,NG,C1,H,,,T1-P33
220,T1,P43,181824,MP,1022,C1,L,,24-Jun,T1-P43
220,T1,P43,181757,MW,1022,C1,L,,24-Jun,T1-P43
220,T1,P43,181800,MW,1022,C1,L,,24-Jun,T1-P43
220,T1,P43,181815,SW,NG,C1,L,,24-Jun,T1-P43
227,T1,P43,133236,MP,1022,C1,H,,28-Jun,T1-P43
247,T1,P44,154733,MW,1022,C1,H,,30-Jun,T1-P44
247,T1,P44,154715,SW,1022,C1,H,,30-Jun,T1-P44
247,T1,P44,154744,SW,1022,C1,H,,30-Jun,T1-P44
247,T1,P44,154748,SW,1022,C1,H,,30-Jun,T1-P44
247,T1,P44,154725,SW,NG,C1,H,,30-Jun,T1-P44
317,T1,P44,IMG_7116,MP,1021,C1,L,Re-culture,,T1-P44
317,T1,P44,IMG_7118,MP,1021,C1,L,,,T1-P44
317,T1,P44,IMG_7117,MP,NG,C1,L,,,T1-P44
317,T1,P44,IMG_7115,MW,NG,C1,L,,,T1-P44
317,T1,P44,IMG_7114,SP,NG,C1,L,,,T1-P44
167,T1,P5,121838,SW,1022,C1,H,,16-Jun,T1-P5
167,T1,P5,121856,SW,1022,C1,H,,16-Jun,T1-P5
167,T1,P5,121928,SW,NG,C1,H,,16-Jun,T1-P5
232,T1,P5,131806,SW,1022,C2,L,,29-Jun,T1-P5
232,T1,P5,131801,SW,1022,C3,L,,29-Jun,T1-P5
232,T1,P5,131746,SW,1022,C1,L,,29-Jun,T1-P5
232,T1,P5,131755,SW,1022,C1,L,,29-Jun,T1-P5
232,T1,P5,131751,SW,NG,C1,L,,29-Jun,T1-P5
223,T1,P6,182101,SW,1021/1022,C4,L,and MW,24-Jun,T1-P6
513,T1,P6,IMG_7745,MW,1022,C1,H,,,T1-P6
513,T1,P6,IMG_7746,MW,1022,C1,H,Re-culture,,T1-P6
513,T1,P6,IMG_7748,SW,1022,C1,H,,,T1-P6
513,T1,P6,IMG_7744,MW,NG,C1,H,,,T1-P6
513,T1,P6,IMG_7747,SW,NG,C1,H,,,T1-P6
103,T20,P10,134245,SW,1022,C1,H,,29-May,T20-P10
103,T20,P10,134333,SW,1022,C1,H,,29-May,T20-P10
103,T20,P10,134337,SW,1022,C1,H,,29-May,T20-P10
384,T20,P10,IMG_7314,MW,1022,C1,L,Re-culture,,T20-P10
384,T20,P10,IMG_7313,LW,NG,C1,L,,,T20-P10
384,T20,P10,IMG_7316,MW,NG,C1,L,,,T20-P10
384,T20,P10,IMG_7312,SW,NG,C1,L,,,T20-P10
384,T20,P10,IMG_7315,SW,NG,C1,L,,,T20-P10
256,T20,P12,162331,MW,1022,C1,H,,03-Jul,T20-P12
496,T20,P12,IMG_7696,SW,1022,C2,L,Re-culture,,T20-P12
496,T20,P12,IMG_7694,SW,1022,C1,L,Re-culture,,T20-P12
496,T20,P12,IMG_7695,SW,NG,C1,L,,,T20-P12
23,T20,P14,141214,LP,1021,C1,H,,12-May,T20-P14
23,T20,P14,141222,LP,1022,C1,H,,12-May,T20-P14
23,T20,P14,141228,MW,NG,C1,H,,12-May,T20-P14
23,T20,P14,141239,MW,NG,C1,H,,12-May,T20-P14
23,T20,P14,141234,VSW,NG,C1,H,,12-May,T20-P14
84,T20,P14,123536,LP,1021,C2,L,,25-May,T20-P14
84,T20,P14,123524,LP,1022,C1,L,,25-May,T20-P14
84,T20,P14,123543,MW,1022,C1,L,,25-May,T20-P14
84,T20,P14,123530,SW,NG,C1,L,,25-May,T20-P14
3,T20,P16,155240,MP,1022,C1,L,,05-May,T20-P16
3,T20,P16,155251,MP,1022,C1,L,,05-May,T20-P16
3,T20,P16,155245,SW,1022,C1,L,,05-May,T20-P16
41,T20,P16,144407,LW,1022,C2,H,,19-May,T20-P16
186,T20,P18,163922,LP,1021,C2,L,,19-Jun,T20-P18
186,T20,P18,163937,LW,1021,C1,L,Re-culture,19-Jun,T20-P18
186,T20,P18,163952,LP,1022,C1,L,,19-Jun,T20-P18
186,T20,P18,163956,LP,1022,C1,L,,19-Jun,T20-P18
186,T20,P18,163930,MW,1022,C1,L,,19-Jun,T20-P18
230,T20,P2,133557,LP,1021,C1,L,,28-Jun,T20-P2
230,T20,P2,133552,LP,1022,C1,L,,28-Jun,T20-P2
230,T20,P2,124818,LP,1022,C1,L,Re-culture,28-Jun,T20-P2
230,T20,P2,133606,LP,NG,C1,L,,28-Jun,T20-P2
230,T20,P2,133612,MP,NG,C1,L,,28-Jun,T20-P2
65,T20,P20,124746,SP,1021,C1,H,,24-May,T20-P20
65,T20,P20,124750,SW,1021,C1,H,,24-May,T20-P20
65,T20,P20,124754,MP,1022,C1,H,,24-May,T20-P20
65,T20,P20,124956,MP,1022,C1,H,,24-May,T20-P20
65,T20,P20,124940,SW,NG,C1,H,,24-May,T20-P20
416,T20,P20,IMG_7443,LP,1022,C2,L,,10-Aug,T20-P20
416,T20,P20,IMG_7445,SP,1022,C1,L,,10-Aug,T20-P20
416,T20,P20,IMG_7442,SW,1022,C1,L,,10-Aug,T20-P20
416,T20,P20,IMG_7444,LP,NG,C1,L,,10-Aug,T20-P20
445,T20,P20,IMG_7563,SW,1022,C1,H,,,T20-P20
238,T20,P22,132943,SW,NG,C2,H,"originally T5-P22, changed to T20-P22",29-Jun,T20-P22
238,T20,P22,132940,MW,1021/1022,C3,H,"originally T5-P22, changed to T20-P22",29-Jun,T20-P22
309,T20,P24,IMG_7083,SP,NG,C1,L,,,T20-P24
173,T20,P26,122515,MW,1021,C1,L,,16-Jun,T20-P26
173,T20,P26,122508,SW,1021,C1,L,,16-Jun,T20-P26
173,T20,P26,122523,SW,1022,C1,L,,16-Jun,T20-P26
107,T20,P4,134609,MP,1022,C1,L,,29-May,T20-P4
107,T20,P4,134639,MP,1022,C1,L,,29-May,T20-P4
107,T20,P4,134632,MW,1022,C1,L,,29-May,T20-P4
107,T20,P4,134644,MW,1022,C1,L,,29-May,T20-P4
107,T20,P4,134624,LP,NG,C1,L,,29-May,T20-P4
303,T20,P4,IMG_7066,LP,1022,C2,H,,,T20-P4
303,T20,P4,IMG_7065,LP,1022,C1,H,,,T20-P4
303,T20,P4,IMG_7067,MP,1022,C1,H,,,T20-P4
303,T20,P4,IMG_7064,MW,1022,C1,H,,,T20-P4
97,T20,P6,133522,MW,NG,C1,H,,29-May,T20-P6
97,T20,P6,133537,SW,NG,C1,H,,29-May,T20-P6
97,T20,P6,134016,SW,NG,C1,H,,29-May,T20-P6
189,T20,P6,164051,SW,NG,C1,L,,19-Jun,T20-P6
189,T20,P6,164056,SW,NG,C1,L,,19-Jun,T20-P6
31,T20,P8,104541,SW,1021/1022,C2,H,,16-May,T20-P8
31,T20,P8,104549,SP,1021,C1,H,,16-May,T20-P8
31,T20,P8,104554,SW,1021,C1,H,,16-May,T20-P8
31,T20,P8,104559,SW,1022,C1,H,,16-May,T20-P8
466,T21,P1,IMG_7633,SW,1021/1022,C4,H,,,T21-P1
32,T21,P10,104610,LW,1022,C1,L,,16-May,T21-P10
32,T21,P10,104626,LW,1022,C1,L,,16-May,T21-P10
32,T21,P10,104653,LW,NG,C1,L,,16-May,T21-P10
32,T21,P10,104658,SW,NG,C1,L,,16-May,T21-P10
385,T21,P12,IMG_7319,MP,1022,C2,L,,,T21-P12
385,T21,P12,IMG_7318,MW,1022,C2,L,,,T21-P12
385,T21,P12,IMG_7320,SW,1022,C1,L,,,T21-P12
385,T21,P12,IMG_7317,MW,NG,C1,L,,,T21-P12
273,T21,P13,IMG_6954,LP,1022,C1,L,,07-Jul,T21-P13
273,T21,P13,IMG_6952,MP,NG,C1,L,,07-Jul,T21-P13
273,T21,P13,IMG_6955,MP,NG,C1,L,,07-Jul,T21-P13
273,T21,P13,IMG_6953,SW,NG,C1,L,,07-Jul,T21-P13
273,T21,P13,IMG_6956,SW,NG,C1,L,Re-culture,07-Jul,T21-P13
426,T21,P13,IMG_7493,LW,1021/1022,C2,H,,,T21-P13
426,T21,P13,IMG_7491,MP,1021/1022,C2,H,and LP,,T21-P13
426,T21,P13,IMG_7492,MW,1022,C1,H,,,T21-P13
426,T21,P13,IMG_7490,SW,1022,C1,H,Re-culture,,T21-P13
426,T21,P13,IMG_7494,MW,NG,C1,H,,,T21-P13
273,T21,P13,IMG_6957,SW,NG,C1,NA,,,T21-P13
440,T21,P14,IMG_7542,SW,1022,C1,L,,,T21-P14
512,T21,P15,IMG_7750,MP,1021,C2,H,,,T21-P15
512,T21,P15,IMG_7751,MW,1021,C4,H,,,T21-P15
288,T21,P16,IMG_6999,MP,1022,C4,L,and LP,10-Jul,T21-P16
288,T21,P16,IMG_7002,LP,1022,C1,L,,10-Jul,T21-P16
288,T21,P16,IMG_7001,MW,NG,C1,L,,10-Jul,T21-P16
520,T21,P17,IMG_7772,SW,1022,C1,H,,,T21-P17
389,T21,P17,IMG_7330,SW,NG,C1,L,,,T21-P17
81,T21,P2,123313,SW,1021,C1,H,,25-May,T21-P2
81,T21,P2,123339,MW,1022,C1,H,,25-May,T21-P2
81,T21,P2,123306,SW,1022,C1,H,,25-May,T21-P2
81,T21,P2,123320,SW,1022,C1,H,,25-May,T21-P2
81,T21,P2,123256,SW,1021/1022,C1,H,,25-May,T21-P2
325,T21,P2,IMG_7141,MW,1021,C1,L,,,T21-P2
325,T21,P2,IMG_7144,SP,1022,C1,L,,,T21-P2
325,T21,P2,IMG_7142,MW,NG,C1,L,,,T21-P2
325,T21,P2,IMG_7143,SW,NG,C1,L,,,T21-P2
83,T21,P3,123457,MP,1022,C3,H,,25-May,T21-P3
83,T21,P3,123508,VSW,1022,C1,H,,25-May,T21-P3
83,T21,P3,123502,SW,NG,C1,H,,25-May,T21-P3
145,T21,P4,123949,SW,NG,C3,H,,06-Jun,T21-P4
145,T21,P4,123609,SW,NG,C1,H,,06-Jun,T21-P4
145,T21,P4,123932,VSW,NG,C1,H,,06-Jun,T21-P4
145,T21,P4,123942,VSW,NG,C1,H,,06-Jun,T21-P4
145,T21,P4,123956,VSW,NG,C1,H,,06-Jun,T21-P4
507,T21,P5,IMG_7730,VLP,1021/1022,C3,H,,,T21-P5
507,T21,P5,IMG_7734,LP,1022,C1,H,,,T21-P5
507,T21,P5,IMG_7731,LW,1022,C1,H,,,T21-P5
507,T21,P5,IMG_7732,SW,NG,C1,H,,,T21-P5
507,T21,P5,IMG_7733,SW,NG,C1,H,,,T21-P5
35,T21,P6,104745,SP,1021/1022,C2,H,,16-May,T21-P6
35,T21,P6,104751,SP,1021/1022,C2,H,,16-May,T21-P6
401,T21,P8,IMG_7376,SW,1022,C2,L,Re-culture,10-Aug,T21-P8
401,T21,P8,IMG_7377,SW,1022,C1,L,,10-Aug,T21-P8
401,T21,P8,IMG_7375,MW,NG,C1,L,,10-Aug,T21-P8
401,T21,P8,IMG_7378,SW,NG,C1,L,,10-Aug,T21-P8
511,T21,P8,IMG_7749,MW,NG,C1,H,,,T21-P8
59,T21,P9,95054,LP,1021,C1,H,,23-May,T21-P9
59,T21,P9,95048,MP,1021/1022,C1,H,,23-May,T21-P9
59,T21,P9,95042,MW,NG,C1,H,,23-May,T21-P9
324,T21,P9,IMG_7140,LW,1022,C1,L,,,T21-P9
321,T23,P1,IMG_7128,SW,1021/1022,C3,H,,,T23-P1
321,T23,P1,IMG_7129,SP,1021,C1,H,,,T23-P1
21,T23,P10,141320,SW,1021,C1,H,,12-May,T23-P10
21,T23,P10,141325,SW,1021,C1,H,,12-May,T23-P10
21,T23,P10,141332,SP,1022,C1,H,,12-May,T23-P10
21,T23,P10,141336,SW,1022,C1,H,,12-May,T23-P10
21,T23,P10,141339,SW,NG,C1,H,,12-May,T23-P10
430,T23,P10,IMG_7513,SW,1022,C1,L,Re-culture,,T23-P10
430,T23,P10,IMG_7511,VSW,1022,C1,L,,,T23-P10
430,T23,P10,IMG_7509,SW,NG,C1,L,,,T23-P10
430,T23,P10,IMG_7510,SW,NG,C1,L,,,T23-P10
430,T23,P10,IMG_7512,VSW,NG,C1,L,,,T23-P10
44,T23,P12,144654,LP,1022,C1,L,,19-May,T23-P12
44,T23,P12,144720,MP,1022,C1,L,,19-May,T23-P12
44,T23,P12,144715,MW,1022,C1,L,,19-May,T23-P12
44,T23,P12,144649,SW,1022,C1,L,,19-May,T23-P12
44,T23,P12,144710,MP,1021/1022,C1,L,,19-May,T23-P12
55,T23,P14,145731,VSW,NG,C2,H,,19-May,T23-P14
55,T23,P14,145749,VSW,NG,C2,H,,19-May,T23-P14
55,T23,P14,145754,SW,1021,C1,H,,19-May,T23-P14
55,T23,P14,145735,SW,1022,C1,H,,19-May,T23-P14
55,T23,P14,145714,SW,NG,C1,H,,19-May,T23-P14
2,T23,P17,155220,SW,1022,C2,L,,05-May,T23-P17
2,T23,P17,155202,SW,1022,C1,L,,05-May,T23-P17
2,T23,P17,155214,SW,1022,C1,L,,05-May,T23-P17
2,T23,P17,155226,SW,1022,C1,L,,05-May,T23-P17
2,T23,P17,155231,SW,1022,C1,L,,05-May,T23-P17
10,T23,P17,143928,LP,1021,C1,H,,10-May,T23-P17
10,T23,P17,143923,MP,1021,C1,H,,10-May,T23-P17
10,T23,P17,143918,SP,1021,C1,H,,10-May,T23-P17
10,T23,P17,143912,LP,1022,C1,H,,10-May,T23-P17
11,T23,P19,143946,SW,1021,C1,H,,10-May,T23-P19
11,T23,P19,143935,MW,1022,C1,H,,10-May,T23-P19
11,T23,P19,143954,MW,1022,C1,H,,10-May,T23-P19
11,T23,P19,143942,SW,1022,C1,H,,10-May,T23-P19
11,T23,P19,144000,SW,1022,C1,H,,10-May,T23-P19
58,T23,P21,145857,SP,1022,C2,H,and VSP,19-May,T23-P21
58,T23,P21,145839,MP,1021,C1,H,,19-May,T23-P21
58,T23,P21,145847,MP,1021,C1,H,,19-May,T23-P21
58,T23,P21,145831,LP,1022,C1,H,,19-May,T23-P21
58,T23,P21,145835,MP,1022,C1,H,,19-May,T23-P21
52,T23,P21,145218,LP,1021,C1,L,"originally T23-P31, changed to T23-P21",19-May,T23-P21
52,T23,P21,145205,SP,1021,C1,L,"originally T23-P31, changed to T23-P21",19-May,T23-P21
52,T23,P21,145153,LP,1022,C1,L,"originally T23-P31, changed to T23-P21",19-May,T23-P21
52,T23,P21,145225,MP,1022,C1,L,"originally T23-P31, changed to T23-P21",19-May,T23-P21
52,T23,P21,145200,SP,1022,C1,L,"originally T23-P31, changed to T23-P21",19-May,T23-P21
1,T23,P23,155118,MW,1022,C1,L,,05-May,T23-P23
1,T23,P23,155131,MW,1022,C1,L,,05-May,T23-P23
1,T23,P23,155057,SW,1022,C1,L,,05-May,T23-P23
1,T23,P23,155110,SW,1022,C1,L,,05-May,T23-P23
1,T23,P23,155125,SW,1022,C1,L,,05-May,T23-P23
12,T23,P25,144038,LP,1021,C2,H,,10-May,T23-P25
12,T23,P25,144026,LP,1021,C1,H,,10-May,T23-P25
12,T23,P25,144002,SW,1021,C1,H,,10-May,T23-P25
12,T23,P25,144014,MW,1022,C1,H,,10-May,T23-P25
12,T23,P25,144020,SW,NG,C1,H,,10-May,T23-P25
15,T23,P27,144329,MW,1021,C1,H,,10-May,T23-P27
15,T23,P27,144294,VSW,1021,C1,H,,10-May,T23-P27
15,T23,P27,144323,SW,1022,C1,H,,10-May,T23-P27
15,T23,P27,144334,SW,1022,C1,H,,10-May,T23-P27
15,T23,P27,144316,SW,NG,C1,H,,10-May,T23-P27
64,T23,P27,95648,VSW,1022,C1,L,,23-May,T23-P27
64,T23,P27,95653,VSW,1022,C1,L,,23-May,T23-P27
17,T23,P3,144432,MW,1021,C1,H,,10-May,T23-P3
17,T23,P3,144447,VSW,1021,C1,H,,10-May,T23-P3
17,T23,P3,144423,SW,1022,C1,H,,10-May,T23-P3
17,T23,P3,144441,SW,1022,C1,H,,10-May,T23-P3
14,T23,P5,144153,MW,1021,C2,H,,10-May,T23-P5
14,T23,P5,144157,MW,1021,C1,H,,10-May,T23-P5
14,T23,P5,144212,SW,1022,C1,H,,10-May,T23-P5
14,T23,P5,144223,SW,1022,C1,H,,10-May,T23-P5
77,T23,P5,122834,SP,1022,C2,L,and LP,25-May,T23-P5
77,T23,P5,122825,MP,1021,C1,L,,25-May,T23-P5
77,T23,P5,122850,MP,1021,C1,L,,25-May,T23-P5
77,T23,P5,122812,MP,1022,C1,L,,25-May,T23-P5
7,T23,P7,143742,LW,1021,C1,H,,10-May,T23-P7
7,T23,P7,143721,MW,1021,C1,H,,10-May,T23-P7
7,T23,P7,143737,MW,1021,C1,H,,10-May,T23-P7
7,T23,P7,143727,MP,1022,C1,H,,10-May,T23-P7
7,T23,P7,143731,SW,1022,C1,H,,10-May,T23-P7
229,T23,P7,133514,LP,1021,C1,L,,28-Jun,T23-P7
229,T23,P7,133341,LP,1022,C1,L,Re-culture,28-Jun,T23-P7
229,T23,P7,133536,MW,1022,C1,L,,28-Jun,T23-P7
229,T23,P7,133334,SW,NG,C1,L,,28-Jun,T23-P7
34,T23,P9,104720,SW,1022,C2,H,,16-May,T23-P9
34,T23,P9,104725,MW,1021,C1,H,,16-May,T23-P9
34,T23,P9,104729,LW,1022,C1,H,,16-May,T23-P9
34,T23,P9,104734,MW,1022,C1,H,,16-May,T23-P9
34,T23,P9,104739,VSW,NG,C1,H,,16-May,T23-P9
182,T24,P11,163541,LP,1022,C1,L,,19-Jun,T24-P11
182,T24,P11,163528,MP,1022,C1,L,,19-Jun,T24-P11
182,T24,P11,163536,SP,1022,C1,L,,19-Jun,T24-P11
182,T24,P11,163533,SP,NG,C1,L,,19-Jun,T24-P11
182,T24,P11,163630,SW,NG,C1,L,,19-Jun,T24-P11
20,T24,P13,141200,MW,1021,C2,H,,12-May,T24-P13
20,T24,P13,141209,SW,1022,C2,H,,12-May,T24-P13
20,T24,P13,141206,MW,1021,C1,H,,12-May,T24-P13
20,T24,P13,141149,SW,1022,C1,H,,12-May,T24-P13
20,T24,P13,141156,SW,NG,C1,H,,12-May,T24-P13
93,T24,P15,124106,SW,1022,C1,H,,25-May,T24-P15
93,T24,P15,124114,SW,1022,C1,H,,25-May,T24-P15
93,T24,P15,124051,SW,NG,C1,H,,25-May,T24-P15
93,T24,P15,124101,SW,NG,C1,H,,25-May,T24-P15
93,T24,P15,124056,VSW,NG,C1,H,,25-May,T24-P15
128,T24,P16,132207,LP,1022,C4,H,Re-culture,31-May,T24-P16
261,T24,P16,140449,LP,1022,C2,L,,05-Jul,T24-P16
261,T24,P16,140512,SW,NG,C2,L,,05-Jul,T24-P16
261,T24,P16,140508,SW,1021,C1,L,,05-Jul,T24-P16
261,T24,P16,140443,LW,1022,C1,L,Re-culture,05-Jul,T24-P16
261,T24,P16,140437,MW,1022,C1,L,,05-Jul,T24-P16
387,T24,P18,IMG_7327,SW,1021,C1,L,Re-culture,,T24-P18
387,T24,P18,IMG_7326,MW,1022,C1,L,,,T24-P18
493,T24,P2,IMG_7687,MW,1022,C1,L,,,T24-P2
493,T24,P2,IMG_7691,SW,1022,C1,L,,,T24-P2
493,T24,P2,IMG_7689,LP,1021/1022,C1,L,,,T24-P2
493,T24,P2,IMG_7688,SW,NG,C1,L,,,T24-P2
493,T24,P2,IMG_7690,SW,NG,C1,L,,,T24-P2
6,T24,P20,143656,SW,NG,C1,H,,10-May,T24-P20
6,T24,P20,143710,SW,NG,C1,H,,10-May,T24-P20
6,T24,P20,143705,VSW,NG,C1,H,,10-May,T24-P20
160,T24,P20,IMG_6897,MP,1022,C1,L,,13-Jun,T24-P20
160,T24,P20,IMG_6900,MP,1022,C1,L,,13-Jun,T24-P20
160,T24,P20,IMG_6898,SP,1022,C1,L,,13-Jun,T24-P20
160,T24,P20,IMG_6896,SW,1022,C1,L,,13-Jun,T24-P20
160,T24,P20,IMG_6899,SW,1022,C1,L,,13-Jun,T24-P20
8,T24,P22,143758,LP,1022,C1,L,,10-May,T24-P22
8,T24,P22,143805,LP,1022,C1,L,,10-May,T24-P22
8,T24,P22,143752,MW,1022,C1,L,,10-May,T24-P22
8,T24,P22,143817,MW,1022,C1,L,,10-May,T24-P22
8,T24,P22,143811,VSW,NG,C1,L,,10-May,T24-P22
46,T24,P22,144748,SW,NG,C2,H,,19-May,T24-P22
46,T24,P22,144738,SW,1021,C1,H,,19-May,T24-P22
46,T24,P22,144754,SW,1022,C1,H,,19-May,T24-P22
46,T24,P22,144743,VSW,NG,C1,H,,19-May,T24-P22
209,T24,P24,181753,SW,NG,C1,H,,21-Jun,T24-P24
209,T24,P24,181759,SW,NG,C1,H,,21-Jun,T24-P24
209,T24,P24,181749,VSW,NG,C1,H,,21-Jun,T24-P24
331,T24,P24,IMG_7165,SW,NG,C1,L,,,T24-P24
9,T24,P26,143903,SW,NG,C1,L,,10-May,T24-P26
33,T24,P26,104705,MP,1022,C1,H,,16-May,T24-P26
126,T24,P4,132112,SW,1022,C2,H,,31-May,T24-P4
126,T24,P4,132104,SW,NG,C1,H,,31-May,T24-P4
162,T24,P6,IMG_6906,VSW,NG,C2,H,,13-Jun,T24-P6
162,T24,P6,IMG_6909,SW,1021,C1,H,,13-Jun,T24-P6
162,T24,P6,IMG_6908,MW,NG,C1,H,,13-Jun,T24-P6
162,T24,P6,IMG_6905,VSW,NG,C1,H,,13-Jun,T24-P6
162,T24,P6,IMG_6907,VSW,NG,C1,H,,13-Jun,T24-P6
39,T24,P8,100642,SP,1021,C1,H,,16-May,T24-P8
39,T24,P8,104950,MW,1022,C1,H,,16-May,T24-P8
39,T24,P8,104910,SW,NG,C1,H,,16-May,T24-P8
39,T24,P8,104937,SW,NG,C1,H,,16-May,T24-P8
339,T24,P8,IMG_7187,SP,1022,C2,L,,,T24-P8
339,T24,P8,IMG_7186,VSW,NG,C2,L,,,T24-P8
339,T24,P8,IMG_7185,MW,1021,C1,L,,,T24-P8
339,T24,P8,IMG_7184,SW,NG,C1,L,,,T24-P8
391,T2,P14,IMG_7336,MW,1021/1022,C3,H,,,T2-P14
468,T2,P14,IMG_7640,LP,1022,C1,L,,,T2-P14
468,T2,P14,IMG_7641,SP,1022,C1,L,,,T2-P14
286,T2,P16,IMG_6992,SW,1022,C1,H,,10-Jul,T2-P16
286,T2,P16,IMG_6993,SW,1022,C1,H,,10-Jul,T2-P16
286,T2,P16,IMG_6994,SW,NG,C1,H,,10-Jul,T2-P16
237,T2,P17,132909,SW,1022,C2,H,,29-Jun,T2-P17
237,T2,P17,132920,SW,1022,C1,H,,29-Jun,T2-P17
237,T2,P17,132923,SW,1022,C1,H,,29-Jun,T2-P17
237,T2,P17,132929,SW,1022,C1,H,,29-Jun,T2-P17
237,T2,P17,132932,SW,1022,C1,H,,29-Jun,T2-P17
214,T2,P18,181135,MP,1022,C1,L,,23-Jun,T2-P18
214,T2,P18,181127,SW,1022,C1,L,Re-culture,23-Jun,T2-P18
318,T2,P18,IMG_7123,SP,1022,C2,H,,,T2-P18
318,T2,P18,IMG_7119,SW,1022,C1,H,,,T2-P18
318,T2,P18,IMG_7120,SW,1022,C1,H,,,T2-P18
318,T2,P18,IMG_7122,SW,1022,C1,H,,,T2-P18
199,T2,P20,181258,SW,1022,C1,H,,20-Jun,T2-P20
418,T2,P20,IMG_7452,MP,1021,C2,L,,10-Aug,T2-P20
418,T2,P20,IMG_7451,SP,1021,C2,L,,10-Aug,T2-P20
418,T2,P20,IMG_7454,LP,1021,C1,L,,10-Aug,T2-P20
418,T2,P20,IMG_7453,MP,1022,C1,L,,10-Aug,T2-P20
418,T2,P20,IMG_7455,MP,1022,C1,L,,,T2-P20
158,T2,P21,124617,LW,NG,C1,H,,06-Jun,T2-P21
158,T2,P21,124630,LW,NG,C1,H,,06-Jun,T2-P21
158,T2,P21,124636,LW,NG,C1,H,,06-Jun,T2-P21
158,T2,P21,124621,MW,NG,C1,H,,06-Jun,T2-P21
158,T2,P21,124624,SW,NG,C1,H,,06-Jun,T2-P21
481,T2,P21,152403,LW,1021,C4,L,,,T2-P21
481,T2,P21,152410,LP,1022,C1,L,,,T2-P21
244,T2,P23,125436,MW,1022,C2,L,"scored as KW, changed to MW",30-Jun,T2-P23
244,T2,P23,125441,LP,1022,C1,L,,30-Jun,T2-P23
244,T2,P23,125431,LW,1022,C1,L,,30-Jun,T2-P23
244,T2,P23,125427,MP,1022,C1,L,,30-Jun,T2-P23
462,T2,P23,IMG_7619,MP,1022,C1,H,,,T2-P23
462,T2,P23,IMG_7621,LP,NG,C1,H,,,T2-P23
462,T2,P23,IMG_7618,MW,NG,C1,H,,,T2-P23
462,T2,P23,IMG_7620,MW,NG,C1,H,,,T2-P23
296,T2,P24,IMG_7044,SW,1022,C1,H,,15-Jul,T2-P24
296,T2,P24,IMG_7043,SW,NG,C1,H,,15-Jul,T2-P24
296,T2,P24,IMG_7045,SW,NG,C1,H,,15-Jul,T2-P24
316,T2,P24,IMG_7113,SW,NG,C1,L,,,T2-P24
285,T2,P28,IMG_6989,LP,1021,C1,L,,10-Jul,T2-P28
285,T2,P28,IMG_6988,LP,1022,C1,L,,10-Jul,T2-P28
285,T2,P28,IMG_6990,MP,1022,C1,L,,10-Jul,T2-P28
285,T2,P28,IMG_6987,MW,1022,C1,L,,10-Jul,T2-P28
285,T2,P28,IMG_6991,LP,NG,C1,L,,10-Jul,T2-P28
124,T2,P29,131948,SW,NG,C2,L,,31-May,T2-P29
124,T2,P29,132001,SW,NG,C2,L,,31-May,T2-P29
124,T2,P29,131937,SW,1022,C1,L,Re-culture,31-May,T2-P29
124,T2,P29,131928,SW,NG,C1,L,,31-May,T2-P29
124,T2,P29,132009,SW,NG,C1,L,,31-May,T2-P29
216,T2,P29,181618,SW,1022,C1,H,Re-culture,24-Jun,T2-P29
134,T2,P32,140533,SP,1022,C2,H,and VSW,02-Jun,T2-P32
134,T2,P32,140518,MW,1022,C1,H,,02-Jun,T2-P32
134,T2,P32,140528,SW,1022,C1,H,,02-Jun,T2-P32
134,T2,P32,140522,MW,NG,C1,H,,02-Jun,T2-P32
376,T2,P34,IMG_7281,SW,NG,C2,H,,,T2-P34
376,T2,P34,IMG_7279,MW,1021,C1,H,,,T2-P34
376,T2,P34,IMG_7282,MW,1021,C1,H,,,T2-P34
376,T2,P34,IMG_7280,SW,1022,C1,H,,,T2-P34
376,T2,P34,IMG_7283,MP,NG,C1,H,,,T2-P34
144,T2,P40,141415,SW,1022,C1,L,Re-culture,03-Jun,T2-P40
144,T2,P40,141423,SW,1022,C1,L,,03-Jun,T2-P40
144,T2,P40,141403,SW,NG,C1,L,,03-Jun,T2-P40
144,T2,P40,141410,SW,NG,C1,L,,03-Jun,T2-P40
144,T2,P40,141428,SW,NG,C1,L,,03-Jun,T2-P40
257,T2,P40,162344,MW,1022,C1,H,,03-Jul,T2-P40
257,T2,P40,162352,SP,1022,C1,H,,03-Jul,T2-P40
257,T2,P40,162336,SW,1022,C1,H,Re-culture,03-Jul,T2-P40
257,T2,P40,162348,SW,NG,C1,H,,03-Jul,T2-P40
255,T2,P41,162322,MW,1022,C2,L,Re-culture,03-Jul,T2-P41
92,T2,P42,124010,MW,1022,C1,L,,25-May,T2-P42
92,T2,P42,124025,SW,1022,C1,L,,25-May,T2-P42
92,T2,P42,124001,MW,NG,C1,L,,25-May,T2-P42
92,T2,P42,124034,MW,NG,C1,L,,25-May,T2-P42
328,T2,P42,IMG_7154,MP,1022,C1,H,,,T2-P42
328,T2,P42,IMG_7153,MW,1022,C1,H,,,T2-P42
298,T2,P8,IMG_7051,MP,1022,C1,L,Re-culture,15-Jul,T2-P8
298,T2,P8,IMG_7053,MW,1022,C1,L,,15-Jul,T2-P8
298,T2,P8,IMG_7054,MW,1022,C1,L,,15-Jul,T2-P8
298,T2,P8,IMG_7055,SW,1022,C1,L,,15-Jul,T2-P8
298,T2,P8,IMG_7052,SW,NG,C1,L,,15-Jul,T2-P8
444,T2,P8,IMG_7562,SW,1021,C2,H,and MP,,T2-P8
284,T3,P1,IMG_6985,SW,1022,C1,L,Re-culture,10-Jul,T3-P1
284,T3,P1,IMG_6986,SW,1022,C1,L,,10-Jul,T3-P1
284,T3,P1,IMG_6984,SW,NG,C1,L,,10-Jul,T3-P1
351,T3,P1,IMG_7229,SW,1022,C1,H,,,T3-P1
351,T3,P1,IMG_7228,SW,NG,C1,H,,,T3-P1
308,T3,P10,IMG_7081,VSW,NG,C3,L,,,T3-P10
308,T3,P10,IMG_7080,SW,1022,C1,L,,,T3-P10
308,T3,P10,IMG_7082,SP,NG,C1,L,,,T3-P10
406,T3,P13,IMG_7389,LP,1021,C2,H,other nod is MW,10-Aug,T3-P13
406,T3,P13,IMG_7390,SW,1021,C4,H,,10-Aug,T3-P13
406,T3,P13,IMG_7388,LW,NG,C1,H,,10-Aug,T3-P13
368,T3,P13,IMG_7404,LW,1021,C1,L,Re-culture,,T3-P13
368,T3,P13,IMG_7403,LP,1022,C1,L,,,T3-P13
180,T3,P17,122823,MW,1022,C1,H,,19-Jun,T3-P17
180,T3,P17,163401,SW,1022,C1,H,,19-Jun,T3-P17
180,T3,P17,163409,SW,1022,C1,H,,19-Jun,T3-P17
301,T3,P17,IMG_7059,SP,1022,C2,L,and MP,,T3-P17
301,T3,P17,IMG_7060,SP,NG,C1,L,,,T3-P17
267,T3,P18,IMG_6930,LP,1022,C1,H,,07-Jul,T3-P18
267,T3,P18,IMG_6928,MP,1022,C1,H,,07-Jul,T3-P18
267,T3,P18,IMG_6929,MW,1022,C1,H,Re-culture,07-Jul,T3-P18
267,T3,P18,IMG_6932,MW,1022,C1,H,,07-Jul,T3-P18
267,T3,P18,IMG_6931,MP,NG,C1,H,,07-Jul,T3-P18
470,T3,P18,IMG_7647,SP,1021/1022,C3,L,and MP,,T3-P18
470,T3,P18,IMG_7645,SW,1022,C1,L,Re-culture,,T3-P18
470,T3,P18,IMG_7646,SW,NG,C1,L,,,T3-P18
373,T3,P23,IMG_7418,SW,NG,C2,H,,,T3-P23
143,T3,P24,141348,MP,1021,C1,L,,03-Jun,T3-P24
143,T3,P24,141352,MP,1021,C1,L,,03-Jun,T3-P24
143,T3,P24,141335,MW,1021,C1,L,,03-Jun,T3-P24
143,T3,P24,141344,MP,1022,C1,L,,03-Jun,T3-P24
143,T3,P24,141357,SP,1021/1022,C1,L,,03-Jun,T3-P24
449,T3,P24,IMG_7576,SW,1022,C1,H,,,T3-P24
449,T3,P24,IMG_7577,SW,1022,C1,H,,,T3-P24
449,T3,P24,IMG_7578,SW,1022,C1,H,,,T3-P24
449,T3,P24,IMG_7579,SW,NG,C1,H,,,T3-P24
204,T3,P26,181450,MW,NG,C4,L,,21-Jun,T3-P26
265,T3,P26,140623,SW,1022,C1,H,,05-Jul,T3-P26
190,T3,P28,164108,SW,1021,C1,L,,19-Jun,T3-P28
190,T3,P28,164103,SW,1022,C1,L,,19-Jun,T3-P28
190,T3,P28,164112,SW,1022,C1,L,,19-Jun,T3-P28
239,T3,P28,132949,SW,1022,C2,H,,29-Jun,T3-P28
239,T3,P28,132951,SW,1022,C1,H,,29-Jun,T3-P28
142,T3,P29,141323,LP,1021,C1,L,,03-Jun,T3-P29
142,T3,P29,141306,MP,1021,C1,L,,03-Jun,T3-P29
142,T3,P29,141315,MP,1021,C1,L,,03-Jun,T3-P29
142,T3,P29,141327,LP,1022,C1,L,,03-Jun,T3-P29
142,T3,P29,141311,SW,1022,C1,L,,03-Jun,T3-P29
235,T3,P3,132717,SW,1021,C2,H,Re-culture,29-Jun,T3-P3
235,T3,P3,132722,SW,1022,C1,H,Re-culture,29-Jun,T3-P3
235,T3,P3,132711,SW,NG,C1,H,,29-Jun,T3-P3
197,T3,P5,181202,MW,1022,C1,L,,20-Jun,T3-P5
197,T3,P5,181206,MW,NG,C1,L,,20-Jun,T3-P5
337,T3,P8,IMG_7180,MP,1022,C1,H,,,T3-P8
336,T3,P8,IMG_7179,SW,1022,C1,H,,,T3-P8
456,T4,P11,IMG_7601,SW,1022,C1,H,,,T4-P11
456,T4,P11,IMG_7599,SW,NG,C1,H,,,T4-P11
456,T4,P11,IMG_7600,SW,NG,C1,H,,,T4-P11
485,T4,P11,152735,SW,NG,C1,L,,,T4-P11
450,T4,P12,IMG_7582,SW,1022,C2,H,,,T4-P12
450,T4,P12,IMG_7581,MP,NG,C2,H,,,T4-P12
450,T4,P12,IMG_7580,SP,1022,C1,H,,,T4-P12
315,T4,P12,IMG_7108,SP,1022,C3,L,,,T4-P12
315,T4,P12,IMG_7110,MP,1022,C1,L,,,T4-P12
315,T4,P12,IMG_7111,MP,1022,C1,L,,,T4-P12
315,T4,P12,IMG_7109,SP,NG,C1,L,,,T4-P12
315,T4,P12,IMG_7112,SW,NG,C1,L,,,T4-P12
233,T4,P14,131959,SW,1021,C1,L,Re-culture,29-Jun,T4-P14
233,T4,P14,132017,MW,NG,C1,L,,29-Jun,T4-P14
233,T4,P14,131845,SW,NG,C1,L,,29-Jun,T4-P14
233,T4,P14,132002,SW,NG,C1,L,,29-Jun,T4-P14
233,T4,P14,132022,SW,NG,C1,L,,29-Jun,T4-P14
463,T4,P16,IMG_7622,LP,1021,C1,H,,,T4-P16
463,T4,P16,IMG_7624,LP,1021,C1,H,,,T4-P16
463,T4,P16,IMG_7625,MP,1022,C1,H,,,T4-P16
463,T4,P16,IMG_7623,SP,1022,C1,H,,,T4-P16
463,T4,P16,IMG_7626,SW,1022,C1,H,,,T4-P16
334,T4,P16,IMG_7175,SP,1022,C2,L,,,T4-P16
334,T4,P16,IMG_7174,SP,1022,C3,L,,,T4-P16
334,T4,P16,IMG_7176,SW,NG,C1,L,,,T4-P16
200,T4,P2,181303,LW,NG,C1,L,,20-Jun,T4-P2
200,T4,P2,181307,MW,NG,C1,L,,20-Jun,T4-P2
155,T4,P20,124445,LP,NG,C1,H,,06-Jun,T4-P20
155,T4,P20,124457,MP,NG,C1,H,,06-Jun,T4-P20
152,T4,P20,124340,MP,NG,C2,L,,06-Jun,T4-P20
152,T4,P20,124344,MP,NG,C2,L,,06-Jun,T4-P20
152,T4,P20,124333,SW,NG,C2,L,,06-Jun,T4-P20
152,T4,P20,124329,SP,NG,C1,L,,06-Jun,T4-P20
219,T4,P21,181737,SW,NG,C1,H,,24-Jun,T4-P21
326,T4,P21,IMG_7145,SW,1022,C1,L,,,T4-P21
326,T4,P21,IMG_7146,SW,NG,C1,L,,,T4-P21
410,T4,P22,IMG_7402,SP,1021,C2,H,and MP,10-Aug,T4-P22
410,T4,P22,IMG_7401,MP,1021,C1,H,,10-Aug,T4-P22
429,T4,P22,IMG_7507,LP,1022,C1,L,,,T4-P22
429,T4,P22,IMG_7505,MP,1022,C1,L,,,T4-P22
429,T4,P22,IMG_7504,SW,1022,C1,L,Re-culture,,T4-P22
429,T4,P22,IMG_7508,SW,1022,C1,L,,,T4-P22
429,T4,P22,IMG_7506,SW,NG,C1,L,,,T4-P22
203,T4,P25,181436,MW,1022,C1,H,,21-Jun,T4-P25
203,T4,P25,181439,MW,1022,C1,H,,21-Jun,T4-P25
203,T4,P25,181446,MW,1022,C1,H,,21-Jun,T4-P25
203,T4,P25,181442,SW,1022,C1,H,,21-Jun,T4-P25
488,T4,P25,152907,MW,1021/1022,C7,L,and MP,,T4-P25
488,T4,P25,152902,SW,1021,C1,L,,,T4-P25
488,T4,P25,152857,MW,1022,C1,L,,,T4-P25
514,T4,P27,IMG_7754,LW,1021,C1,H,,,T4-P27
514,T4,P27,IMG_7752,SW,1021,C1,H,,,T4-P27
514,T4,P27,IMG_7755,LW,1022,C1,H,,,T4-P27
514,T4,P27,IMG_7753,MP,1022,C1,H,,,T4-P27
514,T4,P27,IMG_7756,SW,NG,C1,H,,,T4-P27
471,T4,P27,IMG_7648,LP,1021,C1,L,,,T4-P27
471,T4,P27,IMG_7651,MP,1021,C1,L,,,T4-P27
471,T4,P27,IMG_7649,MP,NG,C1,L,,,T4-P27
471,T4,P27,IMG_7650,MP,NG,C1,L,,,T4-P27
433,T4,P30,IMG_7520,MP,1022,C1,L,,,T4-P30
433,T4,P30,IMG_7524,MP,1022,C1,L,,,T4-P30
433,T4,P30,IMG_7522,SP,1022,C1,L,,,T4-P30
433,T4,P30,IMG_7523,SP,1022,C1,L,,,T4-P30
433,T4,P30,IMG_7521,SW,1022,C1,L,,,T4-P30
322,T4,P31,IMG_7131,LW,1022,C1,H,,,T4-P31
322,T4,P31,IMG_7134,LW,1022,C1,H,,,T4-P31
322,T4,P31,IMG_7135,MP,1022,C1,H,,,T4-P31
322,T4,P31,IMG_7133,MW,1022,C1,H,,,T4-P31
322,T4,P31,IMG_7132,MW,NG,C1,H,,,T4-P31
420,T4,P31,IMG_7470,MP,1021,C4,L,,,T4-P31
420,T4,P31,IMG_7471,SP,1022,C1,L,,,T4-P31
408,T4,P6,IMG_7395,MW,1022,C1,H,,10-Aug,T4-P6
346,T4,P7,IMG_7212,SW,1022,C1,H,,,T4-P7
346,T4,P7,IMG_7213,SW,1022,C1,H,,,T4-P7
277,T5,P1,IMG_6968,SW,1022,C1,L,,07-Jul,T5-P1
277,T5,P1,IMG_6969,SW,1022,C1,L,,07-Jul,T5-P1
374,T5,P1,IMG_7273,SP,1021/1022,C2,H,,,T5-P1
374,T5,P1,IMG_7271,SW,1021/1022,C1,H,,,T5-P1
374,T5,P1,IMG_7274,MW,NG,C1,H,,,T5-P1
374,T5,P1,IMG_7272,SW,NG,C1,H,,,T5-P1
157,T5,P15,124605,LP,1022,C1,L,Re-culture,06-Jun,T5-P15
157,T5,P15,124610,MW,1022,C1,L,,06-Jun,T5-P15
157,T5,P15,124524,MW,NG,C1,L,,06-Jun,T5-P15
176,T5,P15,122714,SW,1022,C1,H,,16-Jun,T5-P15
402,T5,P15,IMG_7380,MP,NG,C1,H,Contaminated,10-Aug,T5-P15
388,T5,P15,IMG_7328,MW,1022,C1,L,,,T5-P15
388,T5,P15,IMG_7329,SW,NG,C1,L,,,T5-P15
473,T5,P17,IMG_7653,LP,1022,C1,L,,,T5-P17
473,T5,P17,IMG_7654,LP,1022,C1,L,,,T5-P17
473,T5,P17,IMG_7655,MW,1022,C1,L,,,T5-P17
473,T5,P17,IMG_7652,LP,NG,C1,L,,,T5-P17
236,T5,P19,132836,SW,1021,C6,H,and MW,29-Jun,T5-P19
236,T5,P19,132832,SW,1022,C1,H,,29-Jun,T5-P19
236,T5,P19,132840,SW,NG,C1,H,,29-Jun,T5-P19
266,T5,P21,IMG_6925,MP,1022,C2,H,and SP,07-Jul,T5-P21
266,T5,P21,IMG_6926,MW,1022,C1,H,,07-Jul,T5-P21
437,T5,P21,IMG_7539,LP,1021/1022,C2,L,,,T5-P21
437,T5,P21,IMG_7537,MP,1022,C3,L,and MW,,T5-P21
437,T5,P21,IMG_7538,LP,NG,C1,L,,,T5-P21
213,T5,P23,181055,MP,1022,C1,H,,23-Jun,T5-P23
213,T5,P23,181107,MP,1022,C1,H,,23-Jun,T5-P23
213,T5,P23,181110,MP,1022,C1,H,,23-Jun,T5-P23
213,T5,P23,181058,SP,1022,C1,H,,23-Jun,T5-P23
213,T5,P23,181102,SW,1022,C1,H,,23-Jun,T5-P23
240,T5,P25,132958,SW,NG,C2,L,and MW,29-Jun,T5-P25
400,T5,P25,IMG_7370,LP,1021,C1,L,,10-Aug,T5-P25
400,T5,P25,IMG_7371,LP,1021,C1,L,,10-Aug,T5-P25
400,T5,P25,IMG_7374,MP,1021,C1,L,,10-Aug,T5-P25
400,T5,P25,IMG_7372,MP,1022,C1,L,,10-Aug,T5-P25
400,T5,P25,IMG_7373,MP,NG,C1,L,,10-Aug,T5-P25
455,T5,P25,IMG_7595,LP,1021,C1,H,,,T5-P25
455,T5,P25,IMG_7598,MP,1022,C1,H,,,T5-P25
455,T5,P25,IMG_7597,MW,1021/1022,C1,H,,,T5-P25
455,T5,P25,IMG_7596,VSW,NG,C1,H,,,T5-P25
150,T5,P27,124250,LP,NG,C1,L,,06-Jun,T5-P27
150,T5,P27,124255,LP,NG,C1,L,,06-Jun,T5-P27
150,T5,P27,124304,MP,NG,C1,L,,06-Jun,T5-P27
150,T5,P27,124300,VSW,NG,C1,L,,06-Jun,T5-P27
217,T5,P27,181712,LW,1021,C1,H,,24-Jun,T5-P27
217,T5,P27,181633,SW,1021,C1,H,,24-Jun,T5-P27
217,T5,P27,181625,MW,1022,C1,H,,24-Jun,T5-P27
217,T5,P27,181658,MW,1022,C1,H,,24-Jun,T5-P27
217,T5,P27,181643,SW,1022,C1,H,,24-Jun,T5-P27
272,T5,P29,IMG_6951,SW,1021,C2,L,and MW,07-Jul,T5-P29
272,T5,P29,IMG_6949,MP,1021/1022,C3,L,and LP,07-Jul,T5-P29
519,T5,P29,IMG_7770,SW,NG,C4,H,,,T5-P29
519,T5,P29,IMG_7771,MW,1022,C1,H,Re-culture,,T5-P29
409,T5,P3,IMG_7399,SP,1022,C2,H,and SW,10-Aug,T5-P3
409,T5,P3,IMG_7398,SP,1021,C1,H,,10-Aug,T5-P3
409,T5,P3,IMG_7397,SP,NG,C1,H,,10-Aug,T5-P3
409,T5,P3,IMG_7400,SP,NG,C1,H,,10-Aug,T5-P3
409,T5,P3,IMG_7396,SW,NG,C1,H,,10-Aug,T5-P3
503,T5,P5,IMG_7711,MP,1021,C1,H,,,T5-P5
503,T5,P5,IMG_7713,SP,1022,C1,H,,,T5-P5
503,T5,P5,IMG_7714,SW,1022,C1,H,,,T5-P5
503,T5,P5,IMG_7712,MW,1021/1022,C1,H,,,T5-P5
323,T5,P5,IMG_7137,SP,1021/1022,C2,L,,,T5-P5
323,T5,P5,IMG_7139,LW,1021,C1,L,,,T5-P5
323,T5,P5,IMG_7136,MW,1021,C1,L,,,T5-P5
323,T5,P5,IMG_7138,LW,NG,C1,L,,,T5-P5
184,T5,P7,163822,SW,1022,C2,H,,19-Jun,T5-P7
184,T5,P7,163817,SW,1022,C1,H,,19-Jun,T5-P7
184,T5,P7,163828,SW,NG,C1,H,,19-Jun,T5-P7
251,T5,P9,162106,SP,1021,C1,L,,03-Jul,T5-P9
251,T5,P9,161919,SP,1022,C1,L,,03-Jul,T5-P9
251,T5,P9,162109,MP,NG,C1,L,,03-Jul,T5-P9
251,T5,P9,161923,SW,NG,C1,L,,03-Jul,T5-P9
251,T5,P9,162113,SW,NG,C1,L,,03-Jul,T5-P9
453,T6,P10,IMG_7590,SW,1022,C1,H,,,T6-P10
501,T6,P12,IMG_7708,SW,1021,C1,H,,,T6-P12
435,T6,P12,IMG_7529,LP,1021,C2,L,,,T6-P12
435,T6,P12,IMG_7531,SP,1022,C1,L,,,T6-P12
435,T6,P12,IMG_7530,SP,NG,C1,L,,,T6-P12
435,T6,P12,IMG_7528,SW,NG,C1,L,,,T6-P12
153,T6,P18,124354,SW,NG,C3,L,,06-Jun,T6-P18
153,T6,P18,124357,SW,NG,C1,L,,06-Jun,T6-P18
153,T6,P18,124401,SW,NG,C1,L,,06-Jun,T6-P18
448,T6,P2,IMG_7571,MW,1022,C1,H,,,T6-P2
448,T6,P2,IMG_7575,MW,1022,C1,H,Re-culture,,T6-P2
448,T6,P2,IMG_7573,MP,NG,C1,H,,,T6-P2
448,T6,P2,IMG_7572,MW,NG,C1,H,,,T6-P2
448,T6,P2,IMG_7574,MW,NG,C1,H,,,T6-P2
479,T6,P2,152250,LW,1022,C1,L,,,T6-P2
479,T6,P2,152327,MP,1022,C1,L,Re-culture,,T6-P2
479,T6,P2,152300,MW,1022,C1,L,Re-culture,,T6-P2
479,T6,P2,152319,MP,NG,C1,L,,,T6-P2
479,T6,P2,152331,SP,NG,C1,L,,,T6-P2
178,T6,P20,122738,SW,1021,C1,H,,16-Jun,T6-P20
178,T6,P20,122744,MW,1022,C1,H,,16-Jun,T6-P20
178,T6,P20,122738,SW,NG,C1,H,,16-Jun,T6-P20
312,T6,P20,IMG_7097,SP,1022,C2,L,,,T6-P20
312,T6,P20,IMG_7098,MP,1022,C1,L,,,T6-P20
312,T6,P20,IMG_7100,SP,1022,C1,L,,,T6-P20
312,T6,P20,IMG_7096,SW,1022,C1,L,,,T6-P20
312,T6,P20,IMG_7099,SW,1022,C1,L,,,T6-P20
357,T6,P22,IMG_7245,SW,1022,C1,L,,,T6-P22
357,T6,P22,IMG_7246,SW,1022,C1,L,,,T6-P22
357,T6,P22,IMG_7247,SW,1022,C1,L,,,T6-P22
125,T6,P14,132025,SP,NG,C2,L,"and MP, originally T9-P10, changed to T6-P14",31-May,T6-P14
125,T6,P14,132031,MP,NG,C1,L,"originally T9-P10, changed to T6-P14",31-May,T6-P14
125,T6,P14,132018,SW,NG,C1,L,"originally T9-P10, changed to T6-P14",31-May,T6-P14
125,T6,P14,132039,SW,NG,C1,L,"originally T9-P10, changed to T6-P14",31-May,T6-P14
125,T6,P14,132055,SW,NG,C1,L,"originally T9-P10, changed to T6-P14",31-May,T6-P14
165,T6,P24,IMG_6918,MP,1022,C1,L,,13-Jun,T6-P24
165,T6,P24,IMG_6920,MP,1022,C1,L,,13-Jun,T6-P24
165,T6,P24,IMG_6917,LP,NG,C1,L,,13-Jun,T6-P24
165,T6,P24,IMG_6919,MP,NG,C1,L,,13-Jun,T6-P24
355,T6,P24,IMG_7241,VSW,1022,C1,H,,,T6-P24
355,T6,P24,IMG_7240,MP,NG,C1,H,,,T6-P24
226,T6,P26,133163,MW,1021,C1,H,,28-Jun,T6-P26
226,T6,P26,133225,SW,1021,C1,H,,28-Jun,T6-P26
226,T6,P26,133148,SW,1022,C1,H,,28-Jun,T6-P26
226,T6,P26,133209,SW,1022,C1,H,,28-Jun,T6-P26
226,T6,P26,133217,SW,1022,C1,H,,28-Jun,T6-P26
397,T6,P26,IMG_7363,SW,1021,C1,L,,10-Aug,T6-P26
397,T6,P26,IMG_7361,SP,1022,C1,L,,10-Aug,T6-P26
397,T6,P26,IMG_7362,SW,1022,C1,L,,10-Aug,T6-P26
397,T6,P26,IMG_7364,SW,1022,C1,L,,10-Aug,T6-P26
397,T6,P26,IMG_7365,VSW,NG,C1,L,,10-Aug,T6-P26
146,T6,P28,124021,MP,NG,C1,L,,06-Jun,T6-P28
146,T6,P28,124030,MP,NG,C1,L,,06-Jun,T6-P28
146,T6,P28,124036,MP,NG,C1,L,,06-Jun,T6-P28
146,T6,P28,124041,MP,NG,C1,L,,06-Jun,T6-P28
146,T6,P28,124046,MP,NG,C1,L,,06-Jun,T6-P28
421,T6,P28,IMG_7472,MP,1022,C1,H,Re-culture,,T6-P28
421,T6,P28,IMG_7474,MW,1022,C1,H,,,T6-P28
421,T6,P28,IMG_7473,SW,1022,C1,H,,,T6-P28
421,T6,P28,IMG_7476,SW,1022,C1,H,Re-culture,,T6-P28
421,T6,P28,IMG_7475,MW,NG,C1,H,,,T6-P28
274,T6,P30,IMG_6959,MP,1022,C1,H,used to be T6-P26,07-Jul,T6-P30
274,T6,P30,IMG_6958,MW,1022,C1,H,used to be T6-P26,07-Jul,T6-P30
274,T6,P30,IMG_6960,MW,1022,C1,H,used to be T6-P26,07-Jul,T6-P30
274,T6,P30,IMG_6961,MW,1022,C1,H,used to be T6-P26,07-Jul,T6-P30
515,T6,P4,IMG_7761,MW,1022,C1,H,,,T6-P4
515,T6,P4,IMG_7757,SW,1022,C1,H,,,T6-P4
515,T6,P4,IMG_7758,SW,1022,C1,H,Re-culture,,T6-P4
515,T6,P4,IMG_7760,SW,1022,C1,H,,,T6-P4
515,T6,P4,IMG_7759,SW,NG,C1,H,,,T6-P4
482,T6,P4,152548,LP,1022,C1,L,,,T6-P4
482,T6,P4,152533,SW,1022,C1,L,Re-culture,,T6-P4
482,T6,P4,152540,MP,NG,C1,L,,,T6-P4
482,T6,P4,152431,MW,NG,C1,L,,,T6-P4
482,T6,P4,152520,MW,NG,C1,L,,,T6-P4
287,T6,P8,IMG_6996,MW,1022,C1,H,,10-Jul,T6-P8
287,T6,P8,IMG_6995,SW,NG,C1,H,,10-Jul,T6-P8
287,T6,P8,IMG_6998,SW,NG,C1,H,,10-Jul,T6-P8
171,T7,P11,122434,MW,1022,C2,L,,16-Jun,T7-P11
171,T7,P11,122430,SW,NG,C1,L,,16-Jun,T7-P11
171,T7,P11,122438,SW,NG,C1,L,,16-Jun,T7-P11
171,T7,P11,122442,SW,NG,C1,L,,16-Jun,T7-P11
413,T7,P11,IMG_7434,SW,1022,C2,L,,10-Aug,T7-P11
413,T7,P11,IMG_7433,MW,NG,C2,L,,10-Aug,T7-P11
413,T7,P11,IMG_7432,MW,NG,C1,L,,10-Aug,T7-P11
518,T7,P11,IMG_7767,MW,1021,C1,H,,,T7-P11
518,T7,P11,IMG_7769,SP,1022,C1,H,,,T7-P11
518,T7,P11,IMG_7768,MP,1021/1022,C1,H,,,T7-P11
469,T7,P13,IMG_7642,MP,1021,C1,L,,,T7-P13
469,T7,P13,IMG_7643,MP,1021,C1,L,Re-culture,,T7-P13
469,T7,P13,IMG_7644,MP,NG,C1,L,,,T7-P13
129,T7,P14,132215,LP,NG,C1,H,,31-May,T7-P14
129,T7,P14,132236,LP,NG,C1,H,,31-May,T7-P14
129,T7,P14,132226,MP,NG,C1,H,,31-May,T7-P14
313,T7,P14,IMG_7104,SW,NG,C2,L,,,T7-P14
313,T7,P14,IMG_7103,LP,1021,C1,L,,,T7-P14
313,T7,P14,IMG_7101,MP,NG,C1,L,,,T7-P14
313,T7,P14,IMG_7105,SW,NG,C1,L,,,T7-P14
313,T7,P14,IMG_7106,SW,NG,C1,L,,,T7-P14
275,T7,P17,IMG_6962,SW,NG,C1,H,,07-Jul,T7-P17
275,T7,P17,IMG_6963,SW,NG,C1,H,,07-Jul,T7-P17
110,T7,P18,134748,SW,1022,C1,H,Re-culture,29-May,T7-P18
110,T7,P18,134754,SW,1022,C1,H,,29-May,T7-P18
110,T7,P18,134758,SW,NG,C1,H,,29-May,T7-P18
110,T7,P18,134801,SW,NG,C1,H,,29-May,T7-P18
110,T7,P18,134741,VSW,NG,C1,H,,29-May,T7-P18
394,T7,P18,IMG_7357,MW,1022,C2,L,,10-Aug,T7-P18
394,T7,P18,IMG_7355,SW,1022,C1,L,,10-Aug,T7-P18
394,T7,P18,IMG_7356,SW,1022,C1,L,,10-Aug,T7-P18
394,T7,P18,IMG_7354,SW,NG,C1,L,,10-Aug,T7-P18
82,T7,P19,123416,SP,1022,C2,L,and MP,25-May,T7-P19
82,T7,P19,123424,SW,1021,C1,L,,25-May,T7-P19
82,T7,P19,123442,SW,1022,C1,L,,25-May,T7-P19
82,T7,P19,123437,MP,NG,C1,L,,25-May,T7-P19
82,T7,P19,123451,VSW,NG,C1,L,,25-May,T7-P19
212,T7,P19,181004,SW,1022,C1,H,,23-Jun,T7-P19
212,T7,P19,181009,SW,NG,C1,H,,23-Jun,T7-P19
212,T7,P19,181014,SW,NG,C1,H,,23-Jun,T7-P19
212,T7,P19,181020,SW,NG,C1,H,,23-Jun,T7-P19
212,T7,P19,181026,SW,NG,C1,H,,23-Jun,T7-P19
250,T7,P2,161833,SW,1021,C2,L,,03-Jul,T7-P2
250,T7,P2,161736,SW,1022,C1,L,,03-Jul,T7-P2
250,T7,P2,161740,SW,1022,C1,L,,03-Jul,T7-P2
250,T7,P2,161802,SW,NG,C1,L,,03-Jul,T7-P2
283,T7,P2,NA,NA,NA,NA,H,,10-Jul,T7-P2
283,T7,P2,IMG_6982,SW,1022,C1,H,,10-Jul,T7-P2
283,T7,P2,IMG_6983,SW,1022,C1,H,,10-Jul,T7-P2
460,T7,P25,IMG_7617,MP,1022,C2,H,,,T7-P25
95,T7,P3,124133,VSW,NG,C3,H,,25-May,T7-P3
302,T7,P3,IMG_7062,SW,1022,C1,L,,,T7-P3
302,T7,P3,IMG_7061,SW,NG,C1,L,,,T7-P3
302,T7,P3,IMG_7063,SW,NG,C1,L,,,T7-P3
491,T7,P5,IMG_7680,SW,1022,C1,L,,,T7-P5
491,T7,P5,IMG_7681,SW,1022,C1,L,,,T7-P5
361,T7,P7,IMG_7253,SW,1022,C1,L,,,T7-P7
361,T7,P7,IMG_7252,VSW,NG,C1,L,,,T7-P7
419,T7,P8,IMG_7465,SW,1022,C2,L,"originally T6-P7, changed to T7-P8",,T7-P8
419,T7,P8,IMG_7466,SP,1022,C1,L,"originally T6-P7, changed to T7-P8",,T7-P8
419,T7,P8,IMG_7467,SP,1022,C1,L,"originally T6-P7, changed to T7-P8",,T7-P8
419,T7,P8,IMG_7468,SW,NG,C1,L,"originally T6-P7, changed to T7-P8",,T7-P8
419,T7,P8,IMG_7469,SW,NG,C1,L,"originally T6-P7, changed to T7-P8",,T7-P8
276,T8,P1,IMG_6965,SW,1021,C1,L,,07-Jul,T8-P1
276,T8,P1,IMG_6966,MW,1022,C1,L,,07-Jul,T8-P1
276,T8,P1,IMG_6967,MP,NG,C1,L,,07-Jul,T8-P1
276,T8,P1,IMG_6964,SW,NG,C1,L,,07-Jul,T8-P1
404,T8,P1,IMG_7386,SP,NG,C2,H,and MP,10-Aug,T8-P1
404,T8,P1,IMG_7385,SW,NG,C1,H,,10-Aug,T8-P1
311,T8,P10,IMG_7092,SP,1022,C3,L,,,T8-P10
311,T8,P10,IMG_7093,SW,1022,C1,L,,,T8-P10
311,T8,P10,IMG_7094,SW,1022,C1,L,,,T8-P10
311,T8,P10,IMG_7095,SW,NG,C1,L,,,T8-P10
327,T8,P12,IMG_7147,MP,1022,C1,L,,,T8-P12
327,T8,P12,IMG_7148,LP,NG,C1,L,,,T8-P12
327,T8,P12,IMG_7150,MW,NG,C1,L,,,T8-P12
327,T8,P12,IMG_7151,MW,NG,C1,L,,,T8-P12
327,T8,P12,IMG_7152,SW,NG,C1,L,,,T8-P12
306,T8,P15,IMG_7075,SW,NG,C1,H,,,T8-P15
306,T8,P15,IMG_7076,SW,NG,C1,H,,,T8-P15
467,T8,P15,IMG_7639,MP,1021,C1,L,,,T8-P15
467,T8,P15,IMG_7638,MP,1022,C1,L,,,T8-P15
467,T8,P15,IMG_7636,SP,NG,C1,L,,,T8-P15
467,T8,P15,IMG_7637,SP,NG,C1,L,,,T8-P15
467,T8,P15,IMG_7634,SW,NG,C1,L,,,T8-P15
354,T8,P16,IMG_7236,MW,1022,C1,H,,,T8-P16
354,T8,P16,IMG_7237,MW,1022,C1,H,,,T8-P16
354,T8,P16,IMG_7238,SW,1022,C1,H,,,T8-P16
354,T8,P16,IMG_7239,VSW,NG,C1,H,,,T8-P16
434,T8,P16,IMG_7527,LW,1022,C3,L,Re-culture,,T8-P16
434,T8,P16,IMG_7526,MP,NG,C1,L,,,T8-P16
434,T8,P16,IMG_7525,SW,NG,C1,L,,,T8-P16
78,T8,P20,122906,MW,1021,C1,L,,25-May,T8-P20
78,T8,P20,122858,SW,1021,C1,L,,25-May,T8-P20
78,T8,P20,122913,SW,1022,C1,L,,25-May,T8-P20
78,T8,P20,122929,SW,1022,C1,L,,25-May,T8-P20
78,T8,P20,122923,MW,1021/1022,C1,L,,25-May,T8-P20
454,T8,P22,IMG_7593,SW,1022,C2,H,,,T8-P22
454,T8,P22,IMG_7591,SW,1022,C1,H,,,T8-P22
454,T8,P22,IMG_7592,SW,1022,C1,H,,,T8-P22
454,T8,P22,IMG_7594,SW,1022,C1,H,,,T8-P22
282,T8,P26,IMG_6979,SW,1022,C1,H,,10-Jul,T8-P26
282,T8,P26,IMG_6980,SW,NG,C1,H,,10-Jul,T8-P26
282,T8,P26,IMG_6981,SW,NG,C1,H,,10-Jul,T8-P26
183,T8,P4,163805,SW,1021,C1,L,,19-Jun,T8-P4
183,T8,P4,163756,MP,1022,C1,L,,19-Jun,T8-P4
183,T8,P4,163801,VSW,1022,C1,L,,19-Jun,T8-P4
459,T8,P4,IMG_7611,SW,1021,C3,H,and SP,,T8-P4
459,T8,P4,IMG_7610,SW,1022,C1,H,,,T8-P4
382,T8,P6,IMG_7305,VSW,1021,C1,L,,,T8-P6
382,T8,P6,IMG_7304,SW,1022,C1,L,Re-culture,,T8-P6
382,T8,P6,IMG_7303,SW,NG,C1,L,,,T8-P6
382,T8,P6,IMG_7306,SW,NG,C1,L,,,T8-P6
464,T8,P9,IMG_7627,SW,NG,C1,H,,,T8-P9
300,T9,P1,IMG_7074,MW,1022,C1,L,,15-Jul,T9-P1
135,T9,P11,140605,LW,1022,C1,L,,02-Jun,T9-P11
135,T9,P11,140601,VSW,1022,C1,L,,02-Jun,T9-P11
135,T9,P11,140551,SW,NG,C1,L,,02-Jun,T9-P11
424,T9,P11,IMG_7482,MW,1022,C1,H,,,T9-P11
424,T9,P11,IMG_7485,MW,1022,C1,H,,,T9-P11
424,T9,P11,IMG_7484,LW,NG,C1,H,,,T9-P11
424,T9,P11,IMG_7483,SW,NG,C1,H,,,T9-P11
424,T9,P11,IMG_7486,SW,NG,C1,H,,,T9-P11
201,T9,P13,181327,MW,1022,C1,L,,21-Jun,T9-P13
201,T9,P13,181331,MW,1022,C1,L,,21-Jun,T9-P13
201,T9,P13,181335,MW,NG,C1,L,,21-Jun,T9-P13
201,T9,P13,181339,SW,NG,C1,L,,21-Jun,T9-P13
392,T9,P13,IMG_7349,MW,1022,C1,H,,10-Aug,T9-P13
392,T9,P13,IMG_7350,SW,NG,C1,H,,10-Aug,T9-P13
497,T9,P13,IMG_7699,SW,1022,C3,L,,,T9-P13
497,T9,P13,IMG_7697,MW,1022,C1,L,,,T9-P13
497,T9,P13,IMG_7698,SW,1022,C1,L,Re-culture,,T9-P13
497,T9,P13,IMG_7700,SW,NG,C1,L,,,T9-P13
330,T9,P15,IMG_7162,SW,1022,C2,L,,,T9-P15
330,T9,P15,IMG_7161,SW,1022,C3,L,and MW,,T9-P15
330,T9,P15,IMG_7163,MW,NG,C1,L,,,T9-P15
330,T9,P15,IMG_7160,SW,NG,C1,L,,,T9-P15
330,T9,P15,IMG_7164,SW,NG,C1,L,,,T9-P15
281,T9,P16,IMG_6978,LW,NG,C1,L,,10-Jul,T9-P16
196,T9,P18,181138,LW,1021,C1,H,,20-Jun,T9-P18
345,T9,P18,IMG_7211,SW,1022,C1,L,,,T9-P18
399,T9,P20,IMG_7369,MW,1022,C1,L,,10-Aug,T9-P20
364,T9,P20,IMG_7259,LW,1022,C2,H,,,T9-P20
364,T9,P20,IMG_7261,MW,1022,C1,H,,,T9-P20
364,T9,P20,IMG_7260,SW,1021/1022,C1,H,and MW,,T9-P20
202,T9,P23,181351,LP,NG,C1,L,,21-Jun,T9-P23
194,T9,P3,164246,SW,1021/1022,C2,L,,19-Jun,T9-P3
194,T9,P3,164222,MP,1022,C1,L,,19-Jun,T9-P3
194,T9,P3,164225,MP,1022,C1,L,,19-Jun,T9-P3
194,T9,P3,164218,MW,1022,C1,L,,19-Jun,T9-P3
194,T9,P3,164214,VLP,1022,C1,L,,19-Jun,T9-P3
133,T9,P4,140451,LP,1022,C1,H,,02-Jun,T9-P4
245,T9,P4,125929,MP,1022,C2,L,,30-Jun,T9-P4
245,T9,P4,125944,LP,1022,C1,L,,30-Jun,T9-P4
245,T9,P4,125757,MP,NG,C1,L,,30-Jun,T9-P4
245,T9,P4,130015,MP,NG,C1,L,,30-Jun,T9-P4
245,T9,P4,130006,MW,NG,C1,L,,30-Jun,T9-P4
98,T9,P7,134043,MP,1021,C1,H,,29-May,T9-P7
98,T9,P7,134027,MP,1022,C1,H,,29-May,T9-P7
98,T9,P7,134033,SW,1022,C1,H,Re-cultue,29-May,T9-P7
98,T9,P7,134049,MW,NG,C1,H,,29-May,T9-P7
98,T9,P7,134039,SW,NG,C1,H,,29-May,T9-P7
295,T9,P9,IMG_7042,LW,1022,C1,H,,15-Jul,T9-P9
486,T9,P9,152817,LP,1021,C1,L,Re-culture,,T9-P9
486,T9,P9,152828,LP,1021,C1,L,,,T9-P9
486,T9,P9,152805,MW,1021,C1,L,,,T9-P9
486,T9,P9,152812,MP,NG,C1,L,,,T9-P9
486,T9,P9,152823,SW,NG,C1,L,,,T9-P9
